Detector Type,Descriptor Type,Matcher Type,Descriptor Content Type,Selector Type,Total N keypoints,Only on vehicle Keypoints,N of Matched keypoints,Detector performance,Descriptor performance,Matcher+Selector performance,Detector+Descriptor performance,Matching BBox performance,Total time,Image pairs,TTC Camera,TTC Lidar,Lidar distance to car
SHITOMASI,BRISK,MAT_FLANN,DES_BINARY,SEL_KNN,1759,48,48,17.7953,69.1096,19.7598,86.9048,0.605017,107.27,TTC_0_1.bmp,12.9524,12.3137,8.004
SHITOMASI,BRISK,MAT_FLANN,DES_BINARY,SEL_KNN,1820,49,49,8.59839,33.8053,21.4447,42.4037,0.680261,64.5286,TTC_1_2.bmp,12.9122,11.6706,7.936
SHITOMASI,BRISK,MAT_FLANN,DES_BINARY,SEL_KNN,1850,41,41,8.91701,35.0095,21.0138,43.9266,0.738339,65.6787,TTC_2_3.bmp,14.2078,15.7721,7.886
SHITOMASI,BRISK,MAT_FLANN,DES_BINARY,SEL_KNN,1828,51,51,8.05861,31.64,21.0901,39.6986,0.739846,61.5286,TTC_3_4.bmp,12.7513,16.6787,7.839
SHITOMASI,BRISK,MAT_FLANN,DES_BINARY,SEL_KNN,1806,0,0,8.1698,32.1648,20.7276,40.3346,0.722921,61.7851,TTC_4_5.bmp,nan,15.5779,7.789
SHITOMASI,BRISK,MAT_FLANN,DES_BINARY,SEL_KNN,1877,46,46,8.63222,35.2611,20.8609,43.8933,0.716308,65.4705,TTC_5_6.bmp,14.4568,11.8831,7.724
SHITOMASI,BRISK,MAT_FLANN,DES_BINARY,SEL_KNN,1894,57,57,10.3629,35.3646,22.5225,45.7275,0.686371,68.9364,TTC_6_7.bmp,12.9571,11.7831,7.659
SHITOMASI,BRISK,MAT_FLANN,DES_BINARY,SEL_KNN,1889,49,49,8.72426,38.462,22.6219,47.1863,0.699961,70.5082,TTC_7_8.bmp,13.7596,13.5768,7.603
SHITOMASI,BRISK,MAT_FLANN,DES_BINARY,SEL_KNN,1917,50,50,9.83433,33.5713,22.3012,43.4057,0.678033,66.3849,TTC_8_9.bmp,nan,13.9795,7.549
SHITOMASI,BRISK,MAT_FLANN,DES_BINARY,SEL_KNN,1874,53,53,8.57103,34.8411,21.6776,43.4122,0.674461,65.7642,TTC_9_10.bmp,12.7,11.5139,7.484
SHITOMASI,BRISK,MAT_FLANN,DES_BINARY,SEL_KNN,1912,0,0,9.605,37.7866,27.055,47.3916,0.650729,75.0974,TTC_10_11.bmp,nan,12.5847,7.425
SHITOMASI,BRISK,MAT_FLANN,DES_BINARY,SEL_KNN,1930,60,60,9.51415,35.9594,22.2623,45.4735,0.672767,68.4086,TTC_11_12.bmp,11.9595,8.73927,7.341
SHITOMASI,BRISK,MAT_FLANN,DES_BINARY,SEL_KNN,1881,52,52,9.38781,35.5312,22.0321,44.919,0.720828,67.6719,TTC_12_13.bmp,12.561,9.95617,7.268
SHITOMASI,BRISK,MAT_FLANN,DES_BINARY,SEL_KNN,1886,57,57,8.90512,35.0315,23.1499,43.9367,0.766442,67.853,TTC_13_14.bmp,12.2057,9.72157,7.194
SHITOMASI,BRISK,MAT_FLANN,DES_BINARY,SEL_KNN,1957,45,45,9.03401,35.0035,22.3239,44.0375,0.785549,67.147,TTC_14_15.bmp,nan,8.16898,7.107
SHITOMASI,BRISK,MAT_FLANN,DES_BINARY,SEL_KNN,1888,42,42,8.82396,36.6964,22.9925,45.5203,0.792052,69.3049,TTC_15_16.bmp,10.5507,10.3515,7.039
SHITOMASI,BRISK,MAT_FLANN,DES_BINARY,SEL_KNN,1919,47,47,8.57221,34.0554,21.801,42.6276,0.798646,65.2272,TTC_16_17.bmp,10.7133,9.16182,6.963
SHITOMASI,BRISK,MAT_FLANN,DES_BINARY,SEL_KNN,2057,44,44,8.67388,35.1227,23.2781,43.7966,0.851849,67.9265,TTC_17_18.bmp,10.8955,8.82697,6.885
SHITOMASI,BRIEF,MAT_FLANN,DES_BINARY,SEL_KNN,1759,41,41,18.7623,10.1224,18.729,28.8847,0.954128,48.5678,TTC_0_1.bmp,nan,12.3137,8.004
SHITOMASI,BRIEF,MAT_FLANN,DES_BINARY,SEL_KNN,1820,56,56,9.07395,6.51627,18.6079,15.5902,0.98422,35.1823,TTC_1_2.bmp,14.3958,11.6706,7.936
SHITOMASI,BRIEF,MAT_FLANN,DES_BINARY,SEL_KNN,1850,50,50,8.80693,6.93738,19.8292,15.7443,1.12512,36.6986,TTC_2_3.bmp,13.1169,15.7721,7.886
SHITOMASI,BRIEF,MAT_FLANN,DES_BINARY,SEL_KNN,1828,59,59,8.49584,5.02968,20.1101,13.5255,1.15482,34.7904,TTC_3_4.bmp,11.4496,16.6787,7.839
SHITOMASI,BRIEF,MAT_FLANN,DES_BINARY,SEL_KNN,1806,54,54,8.83936,4.87643,18.7457,13.7158,1.04927,33.5107,TTC_4_5.bmp,12.5645,15.5779,7.789
SHITOMASI,BRIEF,MAT_FLANN,DES_BINARY,SEL_KNN,1877,35,35,8.6106,6.41211,19.9881,15.0227,1.27305,36.2839,TTC_5_6.bmp,nan,11.8831,7.724
SHITOMASI,BRIEF,MAT_FLANN,DES_BINARY,SEL_KNN,1894,71,71,8.47323,4.6009,18.3621,13.0741,0.992207,32.4284,TTC_6_7.bmp,13.9222,11.7831,7.659
SHITOMASI,BRIEF,MAT_FLANN,DES_BINARY,SEL_KNN,1889,71,71,8.11388,4.64479,18.8785,12.7587,1.00259,32.6397,TTC_7_8.bmp,14.2749,13.5768,7.603
SHITOMASI,BRIEF,MAT_FLANN,DES_BINARY,SEL_KNN,1917,29,29,8.45468,5.91173,18.4073,14.3664,0.931353,33.705,TTC_8_9.bmp,10.7857,13.9795,7.549
SHITOMASI,BRIEF,MAT_FLANN,DES_BINARY,SEL_KNN,1874,71,71,8.61069,5.34128,19.5922,13.952,1.02162,34.5658,TTC_9_10.bmp,13.3275,11.5139,7.484
SHITOMASI,BRIEF,MAT_FLANN,DES_BINARY,SEL_KNN,1912,55,55,8.38505,5.37987,18.7755,13.7649,0.941124,33.4816,TTC_10_11.bmp,nan,12.5847,7.425
SHITOMASI,BRIEF,MAT_FLANN,DES_BINARY,SEL_KNN,1930,70,70,8.85046,5.276,20.3388,14.1265,1.03489,35.5002,TTC_11_12.bmp,12.0587,8.73927,7.341
SHITOMASI,BRIEF,MAT_FLANN,DES_BINARY,SEL_KNN,1881,72,72,9.68719,5.21185,20.0636,14.899,1.12578,36.0884,TTC_12_13.bmp,11.9002,9.95617,7.268
SHITOMASI,BRIEF,MAT_FLANN,DES_BINARY,SEL_KNN,1886,72,72,9.00778,5.02173,20.2017,14.0295,1.12834,35.3596,TTC_13_14.bmp,13.0315,9.72157,7.194
SHITOMASI,BRIEF,MAT_FLANN,DES_BINARY,SEL_KNN,1957,63,63,8.06783,4.84513,18.5495,12.913,1.50202,32.9645,TTC_14_15.bmp,13.0631,8.16898,7.107
SHITOMASI,BRIEF,MAT_FLANN,DES_BINARY,SEL_KNN,1888,62,62,8.30821,5.4477,19.7256,13.7559,1.1518,34.6333,TTC_15_16.bmp,12.8897,10.3515,7.039
SHITOMASI,BRIEF,MAT_FLANN,DES_BINARY,SEL_KNN,1919,52,52,9.43753,5.58788,21.9384,15.0254,1.23753,38.2014,TTC_16_17.bmp,11.1228,9.16182,6.963
SHITOMASI,BRIEF,MAT_FLANN,DES_BINARY,SEL_KNN,2057,61,61,8.2718,5.21207,19.5944,13.4839,1.17671,34.255,TTC_17_18.bmp,10.5253,8.82697,6.885
SHITOMASI,ORB,MAT_FLANN,DES_BINARY,SEL_KNN,1759,58,58,17.6845,10.6931,18.2006,28.3776,0.796205,47.3744,TTC_0_1.bmp,14.3797,12.3137,8.004
SHITOMASI,ORB,MAT_FLANN,DES_BINARY,SEL_KNN,1820,48,48,8.40822,4.67173,19.3828,13.08,0.910724,33.3735,TTC_1_2.bmp,12.4567,11.6706,7.936
SHITOMASI,ORB,MAT_FLANN,DES_BINARY,SEL_KNN,1850,49,49,8.41034,5.25998,18.3985,13.6703,0.90347,32.9723,TTC_2_3.bmp,12.8667,15.7721,7.886
SHITOMASI,ORB,MAT_FLANN,DES_BINARY,SEL_KNN,1828,55,55,8.59336,4.99169,18.9535,13.585,0.94654,33.4851,TTC_3_4.bmp,13.33,16.6787,7.839
SHITOMASI,ORB,MAT_FLANN,DES_BINARY,SEL_KNN,1806,48,48,8.7123,5.00066,18.6957,13.713,0.975675,33.3843,TTC_4_5.bmp,nan,15.5779,7.789
SHITOMASI,ORB,MAT_FLANN,DES_BINARY,SEL_KNN,1877,0,0,8.73217,5.13281,19.266,13.865,0.892614,34.0236,TTC_5_6.bmp,nan,11.8831,7.724
SHITOMASI,ORB,MAT_FLANN,DES_BINARY,SEL_KNN,1894,55,55,8.66048,5.07037,18.3643,13.7309,0.849706,32.9449,TTC_6_7.bmp,13.6873,11.7831,7.659
SHITOMASI,ORB,MAT_FLANN,DES_BINARY,SEL_KNN,1889,60,60,9.50085,5.23385,19.2603,14.7347,0.890898,34.8859,TTC_7_8.bmp,13.5096,13.5768,7.603
SHITOMASI,ORB,MAT_FLANN,DES_BINARY,SEL_KNN,1917,61,61,9.03354,5.37622,19.2876,14.4098,0.869998,34.5674,TTC_8_9.bmp,11.2406,13.9795,7.549
SHITOMASI,ORB,MAT_FLANN,DES_BINARY,SEL_KNN,1874,61,61,8.66783,5.4799,20.0238,14.1477,0.844195,35.0157,TTC_9_10.bmp,13.3311,11.5139,7.484
SHITOMASI,ORB,MAT_FLANN,DES_BINARY,SEL_KNN,1912,0,0,9.76048,5.44995,19.3925,15.2104,0.840753,35.4437,TTC_10_11.bmp,nan,12.5847,7.425
SHITOMASI,ORB,MAT_FLANN,DES_BINARY,SEL_KNN,1930,0,0,8.37842,5.42395,18.9899,13.8024,0.847275,33.6395,TTC_11_12.bmp,nan,8.73927,7.341
SHITOMASI,ORB,MAT_FLANN,DES_BINARY,SEL_KNN,1881,63,63,8.91342,5.66106,20.0647,14.5745,0.976043,35.6152,TTC_12_13.bmp,12.305,9.95617,7.268
SHITOMASI,ORB,MAT_FLANN,DES_BINARY,SEL_KNN,1886,61,61,8.22511,4.56726,17.7031,12.7924,0.867434,31.3629,TTC_13_14.bmp,11.8371,9.72157,7.194
SHITOMASI,ORB,MAT_FLANN,DES_BINARY,SEL_KNN,1957,48,48,8.43003,5.25657,19.0997,13.6866,0.943159,33.7295,TTC_14_15.bmp,13.4915,8.16898,7.107
SHITOMASI,ORB,MAT_FLANN,DES_BINARY,SEL_KNN,1888,54,54,8.54381,5.00596,18.9661,13.5498,0.999288,33.5152,TTC_15_16.bmp,12.8723,10.3515,7.039
SHITOMASI,ORB,MAT_FLANN,DES_BINARY,SEL_KNN,1919,22,22,8.15888,5.16916,18.6419,13.328,0.897978,32.8679,TTC_16_17.bmp,nan,9.16182,6.963
SHITOMASI,ORB,MAT_FLANN,DES_BINARY,SEL_KNN,2057,49,49,9.07164,5.68329,21.3276,14.7549,1.46782,37.5503,TTC_17_18.bmp,7.86462,8.82697,6.885
SHITOMASI,FREAK,MAT_FLANN,DES_BINARY,SEL_KNN,1759,34,34,15.9189,62.4822,19.2022,78.4011,0.511443,98.1148,TTC_0_1.bmp,12.6518,12.3137,8.004
SHITOMASI,FREAK,MAT_FLANN,DES_BINARY,SEL_KNN,1820,35,35,8.78151,36.2069,22.3134,44.9884,0.597041,67.8988,TTC_1_2.bmp,12.5389,11.6706,7.936
SHITOMASI,FREAK,MAT_FLANN,DES_BINARY,SEL_KNN,1850,0,0,8.45256,33.1298,20.317,41.5824,0.662193,62.5615,TTC_2_3.bmp,nan,15.7721,7.886
SHITOMASI,FREAK,MAT_FLANN,DES_BINARY,SEL_KNN,1828,39,39,8.68433,31.9385,20.8666,40.6228,0.661083,62.1505,TTC_3_4.bmp,12.0631,16.6787,7.839
SHITOMASI,FREAK,MAT_FLANN,DES_BINARY,SEL_KNN,1806,39,39,9.19842,33.0257,19.8643,42.2241,0.632485,62.7209,TTC_4_5.bmp,12.3552,15.5779,7.789
SHITOMASI,FREAK,MAT_FLANN,DES_BINARY,SEL_KNN,1877,40,40,8.91712,34.8992,21.1751,43.8163,0.618567,65.6099,TTC_5_6.bmp,nan,11.8831,7.724
SHITOMASI,FREAK,MAT_FLANN,DES_BINARY,SEL_KNN,1894,42,42,8.70729,32.6544,19.8419,41.3617,0.577105,61.7808,TTC_6_7.bmp,13.0446,11.7831,7.659
SHITOMASI,FREAK,MAT_FLANN,DES_BINARY,SEL_KNN,1889,0,0,8.35469,32.2071,19.9476,40.5618,0.604614,61.114,TTC_7_8.bmp,nan,13.5768,7.603
SHITOMASI,FREAK,MAT_FLANN,DES_BINARY,SEL_KNN,1917,42,42,8.33974,32.152,20.1335,40.4917,0.571874,61.1971,TTC_8_9.bmp,nan,13.9795,7.549
SHITOMASI,FREAK,MAT_FLANN,DES_BINARY,SEL_KNN,1874,44,44,8.73633,31.4248,20.2045,40.1611,0.582236,60.9478,TTC_9_10.bmp,13.0534,11.5139,7.484
SHITOMASI,FREAK,MAT_FLANN,DES_BINARY,SEL_KNN,1912,36,36,8.45139,31.7566,20.0168,40.208,0.512965,60.7378,TTC_10_11.bmp,nan,12.5847,7.425
SHITOMASI,FREAK,MAT_FLANN,DES_BINARY,SEL_KNN,1930,43,43,8.76935,32.9127,20.6381,41.6821,0.558911,62.8791,TTC_11_12.bmp,12.6168,8.73927,7.341
SHITOMASI,FREAK,MAT_FLANN,DES_BINARY,SEL_KNN,1881,19,19,8.53024,31.7592,20.3411,40.2894,0.577242,61.2078,TTC_12_13.bmp,11.6341,9.95617,7.268
SHITOMASI,FREAK,MAT_FLANN,DES_BINARY,SEL_KNN,1886,45,45,8.50862,33.2008,20.378,41.7095,0.623853,62.7113,TTC_13_14.bmp,12.5245,9.72157,7.194
SHITOMASI,FREAK,MAT_FLANN,DES_BINARY,SEL_KNN,1957,40,40,8.96014,31.9831,20.2829,40.9432,0.638708,61.8649,TTC_14_15.bmp,12.6889,8.16898,7.107
SHITOMASI,FREAK,MAT_FLANN,DES_BINARY,SEL_KNN,1888,35,35,8.26738,31.9073,20.8607,40.1747,0.710253,61.7456,TTC_15_16.bmp,10.602,10.3515,7.039
SHITOMASI,FREAK,MAT_FLANN,DES_BINARY,SEL_KNN,1919,35,35,8.13461,32.0002,20.0426,40.1348,0.632754,60.8102,TTC_16_17.bmp,11.9468,9.16182,6.963
SHITOMASI,FREAK,MAT_FLANN,DES_BINARY,SEL_KNN,2057,35,35,9.40806,33.2044,20.8763,42.6124,0.679084,64.1678,TTC_17_18.bmp,10.7927,8.82697,6.885
SHITOMASI,SIFT,MAT_FLANN,DES_HOG,SEL_KNN,1759,70,70,16.8974,36.0452,27.6244,52.9425,1.39479,81.9618,TTC_0_1.bmp,13.9953,12.3137,8.004
SHITOMASI,SIFT,MAT_FLANN,DES_HOG,SEL_KNN,1820,73,73,8.72875,20.7055,29.0452,29.4342,1.55037,60.0298,TTC_1_2.bmp,14.5224,11.6706,7.936
SHITOMASI,SIFT,MAT_FLANN,DES_HOG,SEL_KNN,1850,67,67,8.05673,16.9375,31.0897,24.9942,1.62844,57.7123,TTC_2_3.bmp,12.6278,15.7721,7.886
SHITOMASI,SIFT,MAT_FLANN,DES_HOG,SEL_KNN,1828,67,67,10.0696,19.1847,31.1905,29.2544,1.72024,62.1651,TTC_3_4.bmp,12.5351,16.6787,7.839
SHITOMASI,SIFT,MAT_FLANN,DES_HOG,SEL_KNN,1806,68,68,8.97635,18.3494,29.1732,27.3258,1.55781,58.0568,TTC_4_5.bmp,12.7565,15.5779,7.789
SHITOMASI,SIFT,MAT_FLANN,DES_HOG,SEL_KNN,1877,76,76,8.24349,17.6836,34.5932,25.9271,1.5242,62.0444,TTC_5_6.bmp,14.5943,11.8831,7.724
SHITOMASI,SIFT,MAT_FLANN,DES_HOG,SEL_KNN,1894,83,83,8.59371,19.6491,30.6057,28.2428,1.6271,60.4757,TTC_6_7.bmp,13.5704,11.7831,7.659
SHITOMASI,SIFT,MAT_FLANN,DES_HOG,SEL_KNN,1889,85,85,8.48972,18.5545,31.3105,27.0442,1.44631,59.801,TTC_7_8.bmp,14.8007,13.5768,7.603
SHITOMASI,SIFT,MAT_FLANN,DES_HOG,SEL_KNN,1917,81,81,9.78754,19.0701,33.254,28.8576,1.52628,63.6379,TTC_8_9.bmp,11.9966,13.9795,7.549
SHITOMASI,SIFT,MAT_FLANN,DES_HOG,SEL_KNN,1874,88,88,9.08747,19.1872,31.1495,28.2746,1.4632,60.8873,TTC_9_10.bmp,13.1201,11.5139,7.484
SHITOMASI,SIFT,MAT_FLANN,DES_HOG,SEL_KNN,1912,70,70,10.5545,19.0905,31.088,29.645,1.30848,62.0414,TTC_10_11.bmp,12.2486,12.5847,7.425
SHITOMASI,SIFT,MAT_FLANN,DES_HOG,SEL_KNN,1930,38,38,8.40614,18.1571,31.8023,26.5632,1.43737,59.8029,TTC_11_12.bmp,10.8808,8.73927,7.341
SHITOMASI,SIFT,MAT_FLANN,DES_HOG,SEL_KNN,1881,87,87,7.99749,17.8299,32.948,25.8274,1.60604,60.3815,TTC_12_13.bmp,12.1312,9.95617,7.268
SHITOMASI,SIFT,MAT_FLANN,DES_HOG,SEL_KNN,1886,81,81,12.217,27.2012,38.5881,39.4182,1.84535,79.8517,TTC_13_14.bmp,12.4914,9.72157,7.194
SHITOMASI,SIFT,MAT_FLANN,DES_HOG,SEL_KNN,1957,70,70,8.32449,18.427,31.6069,26.7515,1.68421,60.0425,TTC_14_15.bmp,12.3541,8.16898,7.107
SHITOMASI,SIFT,MAT_FLANN,DES_HOG,SEL_KNN,1888,75,75,8.6466,19.2243,30.8164,27.8709,1.76426,60.4516,TTC_15_16.bmp,12.9853,10.3515,7.039
SHITOMASI,SIFT,MAT_FLANN,DES_HOG,SEL_KNN,1919,73,73,8.23794,18.2831,29.4864,26.5211,1.59822,57.6057,TTC_16_17.bmp,10.7149,9.16182,6.963
SHITOMASI,SIFT,MAT_FLANN,DES_HOG,SEL_KNN,2057,77,77,8.2518,18.2232,30.6649,26.475,1.74268,58.8826,TTC_17_18.bmp,9.89403,8.82697,6.885
HARRIS,BRISK,MAT_FLANN,DES_BINARY,SEL_KNN,209,6,6,19.186,41.5298,1.78592,60.7158,0.083695,62.5854,TTC_0_1.bmp,10.9082,12.3137,8.004
HARRIS,BRISK,MAT_FLANN,DES_BINARY,SEL_KNN,114,5,5,8.70222,19.7575,2.02921,28.4597,0.096581,30.5855,TTC_1_2.bmp,nan,11.6706,7.936
HARRIS,BRISK,MAT_FLANN,DES_BINARY,SEL_KNN,178,0,0,9.2427,21.9215,1.46285,31.1642,0.083366,32.7104,TTC_2_3.bmp,nan,15.7721,7.886
HARRIS,BRISK,MAT_FLANN,DES_BINARY,SEL_KNN,250,0,0,10.9818,22.652,2.2662,33.6338,0.134338,36.0343,TTC_3_4.bmp,nan,16.6787,7.839
HARRIS,BRISK,MAT_FLANN,DES_BINARY,SEL_KNN,241,11,11,9.49907,20.5583,2.56682,30.0574,0.143873,32.7681,TTC_4_5.bmp,-inf,15.5779,7.789
HARRIS,BRISK,MAT_FLANN,DES_BINARY,SEL_KNN,259,8,8,10.8874,20.5852,2.6298,31.4726,0.123397,34.2258,TTC_5_6.bmp,12.9945,11.8831,7.724
HARRIS,BRISK,MAT_FLANN,DES_BINARY,SEL_KNN,272,12,12,12.4931,22.1579,2.82585,34.651,0.149262,37.6261,TTC_6_7.bmp,nan,11.7831,7.659
HARRIS,BRISK,MAT_FLANN,DES_BINARY,SEL_KNN,193,0,0,9.16261,19.9437,2.54698,29.1063,0.111374,31.7647,TTC_7_8.bmp,nan,13.5768,7.603
HARRIS,BRISK,MAT_FLANN,DES_BINARY,SEL_KNN,129,7,7,8.94786,19.9804,1.91891,28.9282,0.098288,30.9454,TTC_8_9.bmp,nan,13.9795,7.549
HARRIS,BRISK,MAT_FLANN,DES_BINARY,SEL_KNN,248,0,0,10.8952,20.6322,1.76751,31.5274,0.073639,33.3685,TTC_9_10.bmp,nan,11.5139,7.484
HARRIS,BRISK,MAT_FLANN,DES_BINARY,SEL_KNN,147,0,0,8.31647,19.5334,2.31151,27.8498,0.086688,30.248,TTC_10_11.bmp,nan,12.5847,7.425
HARRIS,BRISK,MAT_FLANN,DES_BINARY,SEL_KNN,168,7,7,9.71445,21.073,1.7595,30.7874,0.08161,32.6285,TTC_11_12.bmp,nan,8.73927,7.341
HARRIS,BRISK,MAT_FLANN,DES_BINARY,SEL_KNN,181,0,0,10.1807,20.4861,1.87651,30.6668,0.104813,32.6481,TTC_12_13.bmp,nan,9.95617,7.268
HARRIS,BRISK,MAT_FLANN,DES_BINARY,SEL_KNN,144,0,0,8.65884,20.6516,1.95072,29.3105,0.100229,31.3614,TTC_13_14.bmp,nan,9.72157,7.194
HARRIS,BRISK,MAT_FLANN,DES_BINARY,SEL_KNN,243,0,0,10.5722,21.3899,2.06624,31.9621,0.098956,34.1273,TTC_14_15.bmp,nan,8.16898,7.107
HARRIS,BRISK,MAT_FLANN,DES_BINARY,SEL_KNN,213,0,0,9.68097,21.9006,2.4784,31.5816,0.142224,34.2022,TTC_15_16.bmp,nan,10.3515,7.039
HARRIS,BRISK,MAT_FLANN,DES_BINARY,SEL_KNN,126,5,5,8.93475,19.7201,1.98718,28.6548,0.098156,30.7401,TTC_16_17.bmp,nan,9.16182,6.963
HARRIS,BRISK,MAT_FLANN,DES_BINARY,SEL_KNN,158,0,0,9.73521,21.2147,1.58603,30.9499,0.094431,32.6303,TTC_17_18.bmp,nan,8.82697,6.885
HARRIS,BRIEF,MAT_FLANN,DES_BINARY,SEL_KNN,209,0,0,19.144,1.73612,1.49948,20.8801,0.113599,22.4932,TTC_0_1.bmp,nan,12.3137,8.004
HARRIS,BRIEF,MAT_FLANN,DES_BINARY,SEL_KNN,114,6,6,9.38996,0.815926,2.00418,10.2059,0.14035,12.3504,TTC_1_2.bmp,nan,11.6706,7.936
HARRIS,BRIEF,MAT_FLANN,DES_BINARY,SEL_KNN,178,0,0,11.954,1.39293,1.826,13.3469,0.177162,15.3501,TTC_2_3.bmp,nan,15.7721,7.886
HARRIS,BRIEF,MAT_FLANN,DES_BINARY,SEL_KNN,250,0,0,11.0506,1.40616,2.15267,12.4567,0.18732,14.7967,TTC_3_4.bmp,nan,16.6787,7.839
HARRIS,BRIEF,MAT_FLANN,DES_BINARY,SEL_KNN,241,0,0,11.6603,1.3466,2.7065,13.0069,0.219461,15.9329,TTC_4_5.bmp,nan,15.5779,7.789
HARRIS,BRIEF,MAT_FLANN,DES_BINARY,SEL_KNN,259,12,12,11.8466,1.32746,2.55447,13.174,0.303658,16.0322,TTC_5_6.bmp,15.2483,11.8831,7.724
HARRIS,BRIEF,MAT_FLANN,DES_BINARY,SEL_KNN,272,9,9,12.6542,1.2261,2.59949,13.8803,0.246581,16.7263,TTC_6_7.bmp,nan,11.7831,7.659
HARRIS,BRIEF,MAT_FLANN,DES_BINARY,SEL_KNN,193,0,0,9.9182,1.49563,2.81587,11.4138,0.226436,14.4561,TTC_7_8.bmp,nan,13.5768,7.603
HARRIS,BRIEF,MAT_FLANN,DES_BINARY,SEL_KNN,129,9,9,9.02958,0.785457,1.90948,9.81504,0.139656,11.8642,TTC_8_9.bmp,nan,13.9795,7.549
HARRIS,BRIEF,MAT_FLANN,DES_BINARY,SEL_KNN,248,0,0,12.0652,1.18539,1.74181,13.2506,0.120901,15.1133,TTC_9_10.bmp,nan,11.5139,7.484
HARRIS,BRIEF,MAT_FLANN,DES_BINARY,SEL_KNN,147,0,0,9.22978,0.927447,2.33114,10.1572,0.182743,12.6711,TTC_10_11.bmp,nan,12.5847,7.425
HARRIS,BRIEF,MAT_FLANN,DES_BINARY,SEL_KNN,168,10,10,9.11482,0.927766,1.54062,10.0426,0.129066,11.7123,TTC_11_12.bmp,nan,8.73927,7.341
HARRIS,BRIEF,MAT_FLANN,DES_BINARY,SEL_KNN,181,0,0,9.38972,1.03045,1.77553,10.4202,0.135276,12.331,TTC_12_13.bmp,nan,9.95617,7.268
HARRIS,BRIEF,MAT_FLANN,DES_BINARY,SEL_KNN,144,0,0,10.3072,0.95909,1.90795,11.2662,0.148636,13.3228,TTC_13_14.bmp,nan,9.72157,7.194
HARRIS,BRIEF,MAT_FLANN,DES_BINARY,SEL_KNN,243,0,0,11.506,1.20205,1.75509,12.708,0.146411,14.6095,TTC_14_15.bmp,nan,8.16898,7.107
HARRIS,BRIEF,MAT_FLANN,DES_BINARY,SEL_KNN,213,0,0,10.0549,1.86265,2.35024,11.9176,0.196718,14.4645,TTC_15_16.bmp,nan,10.3515,7.039
HARRIS,BRIEF,MAT_FLANN,DES_BINARY,SEL_KNN,126,6,6,9.44517,0.683613,2.00146,10.1288,0.1433,12.2735,TTC_16_17.bmp,nan,9.16182,6.963
HARRIS,BRIEF,MAT_FLANN,DES_BINARY,SEL_KNN,158,4,4,9.43341,0.870313,1.42582,10.3037,0.140699,11.8702,TTC_17_18.bmp,nan,8.82697,6.885
HARRIS,ORB,MAT_FLANN,DES_BINARY,SEL_KNN,209,7,7,18.7384,2.78116,1.48802,21.5195,0.117903,23.1254,TTC_0_1.bmp,10.9082,12.3137,8.004
HARRIS,ORB,MAT_FLANN,DES_BINARY,SEL_KNN,114,3,3,9.40242,1.21505,1.84096,10.6175,0.17349,12.6319,TTC_1_2.bmp,nan,11.6706,7.936
HARRIS,ORB,MAT_FLANN,DES_BINARY,SEL_KNN,178,8,8,9.81367,1.39181,1.40345,11.2055,0.100331,12.7093,TTC_2_3.bmp,-11.4731,15.7721,7.886
HARRIS,ORB,MAT_FLANN,DES_BINARY,SEL_KNN,250,0,0,10.7044,1.60688,2.02608,12.3113,0.15246,14.4898,TTC_3_4.bmp,nan,16.6787,7.839
HARRIS,ORB,MAT_FLANN,DES_BINARY,SEL_KNN,241,0,0,10.724,1.46706,2.41248,12.1911,0.193315,14.7969,TTC_4_5.bmp,nan,15.5779,7.789
HARRIS,ORB,MAT_FLANN,DES_BINARY,SEL_KNN,259,0,0,10.8704,1.46662,2.30022,12.337,0.169645,14.8069,TTC_5_6.bmp,nan,11.8831,7.724
HARRIS,ORB,MAT_FLANN,DES_BINARY,SEL_KNN,272,0,0,11.338,1.81754,2.63278,13.1555,0.182816,15.9711,TTC_6_7.bmp,nan,11.7831,7.659
HARRIS,ORB,MAT_FLANN,DES_BINARY,SEL_KNN,193,0,0,9.88032,1.56636,2.56104,11.4467,0.169092,14.1768,TTC_7_8.bmp,nan,13.5768,7.603
HARRIS,ORB,MAT_FLANN,DES_BINARY,SEL_KNN,129,9,9,8.76786,1.29641,2.20766,10.0643,0.128795,12.4007,TTC_8_9.bmp,nan,13.9795,7.549
HARRIS,ORB,MAT_FLANN,DES_BINARY,SEL_KNN,248,0,0,10.2204,1.45886,1.55369,11.6792,0.122019,13.3549,TTC_9_10.bmp,nan,11.5139,7.484
HARRIS,ORB,MAT_FLANN,DES_BINARY,SEL_KNN,147,5,5,8.67288,1.32673,2.42279,9.99961,0.155016,12.5774,TTC_10_11.bmp,nan,12.5847,7.425
HARRIS,ORB,MAT_FLANN,DES_BINARY,SEL_KNN,168,9,9,9.98754,1.33014,1.52457,11.3177,0.107884,12.9501,TTC_11_12.bmp,11.9536,8.73927,7.341
HARRIS,ORB,MAT_FLANN,DES_BINARY,SEL_KNN,181,0,0,9.28897,1.37404,1.7472,10.663,0.115946,12.5262,TTC_12_13.bmp,nan,9.95617,7.268
HARRIS,ORB,MAT_FLANN,DES_BINARY,SEL_KNN,144,0,0,9.11424,1.43417,1.94349,10.5484,0.134061,12.626,TTC_13_14.bmp,nan,9.72157,7.194
HARRIS,ORB,MAT_FLANN,DES_BINARY,SEL_KNN,243,8,8,10.6661,1.4563,1.64612,12.1224,0.118755,13.8872,TTC_14_15.bmp,nan,8.16898,7.107
HARRIS,ORB,MAT_FLANN,DES_BINARY,SEL_KNN,213,0,0,10.1755,1.50906,2.38522,11.6846,0.24238,14.3122,TTC_15_16.bmp,nan,10.3515,7.039
HARRIS,ORB,MAT_FLANN,DES_BINARY,SEL_KNN,126,0,0,8.60607,1.26303,1.94472,9.8691,0.12788,11.9417,TTC_16_17.bmp,nan,9.16182,6.963
HARRIS,ORB,MAT_FLANN,DES_BINARY,SEL_KNN,158,0,0,8.88322,1.34027,1.35969,10.2235,0.127154,11.7103,TTC_17_18.bmp,nan,8.82697,6.885
HARRIS,FREAK,MAT_FLANN,DES_BINARY,SEL_KNN,209,4,4,18.7229,47.962,1.61043,66.6849,0.075583,68.3709,TTC_0_1.bmp,nan,12.3137,8.004
HARRIS,FREAK,MAT_FLANN,DES_BINARY,SEL_KNN,114,0,0,7.56983,23.0546,2.10677,30.6244,0.104194,32.8354,TTC_1_2.bmp,nan,11.6706,7.936
HARRIS,FREAK,MAT_FLANN,DES_BINARY,SEL_KNN,178,3,3,13.1008,26.4643,1.62872,39.5651,0.084699,41.2785,TTC_2_3.bmp,nan,15.7721,7.886
HARRIS,FREAK,MAT_FLANN,DES_BINARY,SEL_KNN,250,0,0,10.2283,23.0986,2.10617,33.3268,0.097589,35.5306,TTC_3_4.bmp,nan,16.6787,7.839
HARRIS,FREAK,MAT_FLANN,DES_BINARY,SEL_KNN,241,5,5,10.3692,23.9169,2.72199,34.2861,0.13955,37.1476,TTC_4_5.bmp,-inf,15.5779,7.789
HARRIS,FREAK,MAT_FLANN,DES_BINARY,SEL_KNN,259,0,0,10.8509,23.293,2.56414,34.1439,0.115567,36.8236,TTC_5_6.bmp,nan,11.8831,7.724
HARRIS,FREAK,MAT_FLANN,DES_BINARY,SEL_KNN,272,10,10,11.8204,24.2891,2.83595,36.1095,0.14442,39.0899,TTC_6_7.bmp,12.2792,11.7831,7.659
HARRIS,FREAK,MAT_FLANN,DES_BINARY,SEL_KNN,193,0,0,9.25423,23.3992,2.63893,32.6534,0.110115,35.4025,TTC_7_8.bmp,nan,13.5768,7.603
HARRIS,FREAK,MAT_FLANN,DES_BINARY,SEL_KNN,129,0,0,8.5675,24.3941,1.89972,32.9616,0.079925,34.9412,TTC_8_9.bmp,nan,13.9795,7.549
HARRIS,FREAK,MAT_FLANN,DES_BINARY,SEL_KNN,248,0,0,10.4865,22.4963,1.66981,32.9828,0.058022,34.7106,TTC_9_10.bmp,nan,11.5139,7.484
HARRIS,FREAK,MAT_FLANN,DES_BINARY,SEL_KNN,147,0,0,8.71178,23.3492,2.40343,32.061,0.090744,34.5552,TTC_10_11.bmp,nan,12.5847,7.425
HARRIS,FREAK,MAT_FLANN,DES_BINARY,SEL_KNN,168,0,0,8.52898,22.2466,1.58929,30.7756,0.079974,32.4448,TTC_11_12.bmp,nan,8.73927,7.341
HARRIS,FREAK,MAT_FLANN,DES_BINARY,SEL_KNN,181,0,0,8.18183,21.0574,1.76826,29.2393,0.077421,31.0849,TTC_12_13.bmp,nan,9.95617,7.268
HARRIS,FREAK,MAT_FLANN,DES_BINARY,SEL_KNN,144,0,0,8.69651,23.384,1.93512,32.0805,0.098057,34.1137,TTC_13_14.bmp,nan,9.72157,7.194
HARRIS,FREAK,MAT_FLANN,DES_BINARY,SEL_KNN,243,6,6,10.074,21.725,1.77338,31.799,0.082622,33.655,TTC_14_15.bmp,nan,8.16898,7.107
HARRIS,FREAK,MAT_FLANN,DES_BINARY,SEL_KNN,213,0,0,9.36291,21.7318,2.34048,31.0948,0.107156,33.5424,TTC_15_16.bmp,nan,10.3515,7.039
HARRIS,FREAK,MAT_FLANN,DES_BINARY,SEL_KNN,126,0,0,8.73688,24.5305,2.09242,33.2674,0.095774,35.4555,TTC_16_17.bmp,nan,9.16182,6.963
HARRIS,FREAK,MAT_FLANN,DES_BINARY,SEL_KNN,158,0,0,8.44821,22.5414,1.38399,30.9896,0.078608,32.4522,TTC_17_18.bmp,nan,8.82697,6.885
HARRIS,SIFT,MAT_FLANN,DES_HOG,SEL_KNN,209,0,0,17.8332,24.3647,1.95396,42.1979,0.112277,44.2641,TTC_0_1.bmp,nan,12.3137,8.004
HARRIS,SIFT,MAT_FLANN,DES_HOG,SEL_KNN,114,9,9,9.23378,11.7398,2.43214,20.9736,0.157688,23.5635,TTC_1_2.bmp,11.0081,11.6706,7.936
HARRIS,SIFT,MAT_FLANN,DES_HOG,SEL_KNN,178,10,10,9.36398,12.7879,2.03242,22.1519,0.150035,24.3344,TTC_2_3.bmp,-11.4731,15.7721,7.886
HARRIS,SIFT,MAT_FLANN,DES_HOG,SEL_KNN,250,0,0,10.4203,12.6427,2.92071,23.0629,0.212765,26.1964,TTC_3_4.bmp,nan,16.6787,7.839
HARRIS,SIFT,MAT_FLANN,DES_HOG,SEL_KNN,241,17,17,10.8894,13.297,3.75543,24.1864,0.297057,28.2389,TTC_4_5.bmp,35.3833,15.5779,7.789
HARRIS,SIFT,MAT_FLANN,DES_HOG,SEL_KNN,259,13,13,10.3718,12.5328,3.43465,22.9046,0.2478,26.587,TTC_5_6.bmp,nan,11.8831,7.724
HARRIS,SIFT,MAT_FLANN,DES_HOG,SEL_KNN,272,0,0,11.5191,13.223,3.79761,24.7421,0.261362,28.8011,TTC_6_7.bmp,nan,11.7831,7.659
HARRIS,SIFT,MAT_FLANN,DES_HOG,SEL_KNN,193,0,0,9.31143,12.6096,3.5307,21.921,0.236301,25.6881,TTC_7_8.bmp,nan,13.5768,7.603
HARRIS,SIFT,MAT_FLANN,DES_HOG,SEL_KNN,129,11,11,8.30215,11.9428,2.34369,20.2449,0.151944,22.7405,TTC_8_9.bmp,3.90277,13.9795,7.549
HARRIS,SIFT,MAT_FLANN,DES_HOG,SEL_KNN,248,9,9,11.0126,12.9019,2.52424,23.9145,0.158858,26.5976,TTC_9_10.bmp,nan,11.5139,7.484
HARRIS,SIFT,MAT_FLANN,DES_HOG,SEL_KNN,147,14,14,8.47542,12.3575,2.94348,20.833,0.17773,23.9542,TTC_10_11.bmp,nan,12.5847,7.425
HARRIS,SIFT,MAT_FLANN,DES_HOG,SEL_KNN,168,12,12,8.78954,11.9481,2.16257,20.7377,0.143506,23.0438,TTC_11_12.bmp,11.8228,8.73927,7.341
HARRIS,SIFT,MAT_FLANN,DES_HOG,SEL_KNN,181,0,0,8.99884,12.3123,2.44084,21.3111,0.172448,23.9244,TTC_12_13.bmp,nan,9.95617,7.268
HARRIS,SIFT,MAT_FLANN,DES_HOG,SEL_KNN,144,0,0,8.43118,11.9654,2.33182,20.3966,0.18039,22.9088,TTC_13_14.bmp,nan,9.72157,7.194
HARRIS,SIFT,MAT_FLANN,DES_HOG,SEL_KNN,243,11,11,10.5855,12.8671,2.52634,23.4525,0.183413,26.1623,TTC_14_15.bmp,nan,8.16898,7.107
HARRIS,SIFT,MAT_FLANN,DES_HOG,SEL_KNN,213,0,0,9.70986,11.9499,3.21006,21.6597,0.249485,25.1193,TTC_15_16.bmp,nan,10.3515,7.039
HARRIS,SIFT,MAT_FLANN,DES_HOG,SEL_KNN,126,9,9,8.83142,11.7048,2.51908,20.5362,0.17062,23.2259,TTC_16_17.bmp,nan,9.16182,6.963
HARRIS,SIFT,MAT_FLANN,DES_HOG,SEL_KNN,158,5,5,8.41981,11.6974,1.92033,20.1172,0.149619,22.1871,TTC_17_18.bmp,nan,8.82697,6.885
FAST,BRISK,MAT_FLANN,DES_BINARY,SEL_KNN,494,0,0,0.704967,47.0863,5.41284,47.7913,0.264674,53.4688,TTC_0_1.bmp,nan,12.3137,8.004
FAST,BRISK,MAT_FLANN,DES_BINARY,SEL_KNN,503,0,0,0.311116,23.6055,5.67375,23.9166,0.277564,29.8679,TTC_1_2.bmp,nan,11.6706,7.936
FAST,BRISK,MAT_FLANN,DES_BINARY,SEL_KNN,491,23,23,0.355532,24.4514,6.15917,24.8069,0.335472,31.3015,TTC_2_3.bmp,nan,15.7721,7.886
FAST,BRISK,MAT_FLANN,DES_BINARY,SEL_KNN,494,0,0,0.342862,22.0167,5.30182,22.3596,0.28239,27.9438,TTC_3_4.bmp,nan,16.6787,7.839
FAST,BRISK,MAT_FLANN,DES_BINARY,SEL_KNN,491,0,0,0.369063,23.0637,5.60132,23.4327,0.27207,29.3061,TTC_4_5.bmp,nan,15.5779,7.789
FAST,BRISK,MAT_FLANN,DES_BINARY,SEL_KNN,475,0,0,0.320336,23.067,5.61354,23.3873,0.281326,29.2822,TTC_5_6.bmp,nan,11.8831,7.724
FAST,BRISK,MAT_FLANN,DES_BINARY,SEL_KNN,472,0,0,0.385296,23.7555,5.45875,24.1408,0.293036,29.8926,TTC_6_7.bmp,nan,11.7831,7.659
FAST,BRISK,MAT_FLANN,DES_BINARY,SEL_KNN,484,0,0,0.372356,23.3036,5.40036,23.6759,0.23538,29.3117,TTC_7_8.bmp,nan,13.5768,7.603
FAST,BRISK,MAT_FLANN,DES_BINARY,SEL_KNN,472,0,0,0.374018,23.57,5.60515,23.944,0.257672,29.8068,TTC_8_9.bmp,nan,13.9795,7.549
FAST,BRISK,MAT_FLANN,DES_BINARY,SEL_KNN,489,0,0,0.333212,23.024,5.3972,23.3572,0.270662,29.0251,TTC_9_10.bmp,nan,11.5139,7.484
FAST,BRISK,MAT_FLANN,DES_BINARY,SEL_KNN,487,15,15,0.379278,23.3784,5.56823,23.7577,0.228677,29.5546,TTC_10_11.bmp,12.313,12.5847,7.425
FAST,BRISK,MAT_FLANN,DES_BINARY,SEL_KNN,500,0,0,0.324844,23.99,5.7954,24.3148,0.248886,30.3591,TTC_11_12.bmp,nan,8.73927,7.341
FAST,BRISK,MAT_FLANN,DES_BINARY,SEL_KNN,488,0,0,0.365841,23.3109,5.76946,23.6768,0.284898,29.7311,TTC_12_13.bmp,nan,9.95617,7.268
FAST,BRISK,MAT_FLANN,DES_BINARY,SEL_KNN,495,0,0,0.352025,23.552,5.51756,23.904,0.313787,29.7353,TTC_13_14.bmp,nan,9.72157,7.194
FAST,BRISK,MAT_FLANN,DES_BINARY,SEL_KNN,502,23,23,0.37114,23.7077,5.66219,24.0788,0.315107,30.0561,TTC_14_15.bmp,12.3566,8.16898,7.107
FAST,BRISK,MAT_FLANN,DES_BINARY,SEL_KNN,492,12,12,0.372183,23.0336,5.67877,23.4057,0.295753,29.3803,TTC_15_16.bmp,11.2246,10.3515,7.039
FAST,BRISK,MAT_FLANN,DES_BINARY,SEL_KNN,500,23,23,0.361421,23.2701,5.58814,23.6315,0.301757,29.5214,TTC_16_17.bmp,9.13967,9.16182,6.963
FAST,BRISK,MAT_FLANN,DES_BINARY,SEL_KNN,511,25,25,0.374961,23.8451,6.02909,24.22,0.284734,30.5339,TTC_17_18.bmp,12.3726,8.82697,6.885
FAST,BRIEF,MAT_FLANN,DES_BINARY,SEL_KNN,494,0,0,0.628324,3.36336,5.56776,3.99168,0.341074,9.90051,TTC_0_1.bmp,nan,12.3137,8.004
FAST,BRIEF,MAT_FLANN,DES_BINARY,SEL_KNN,503,11,11,0.331692,1.84488,4.9285,2.17657,0.449115,7.55419,TTC_1_2.bmp,nan,11.6706,7.936
FAST,BRIEF,MAT_FLANN,DES_BINARY,SEL_KNN,491,25,25,0.322057,1.60736,4.7576,1.92942,0.366243,7.05326,TTC_2_3.bmp,25.9509,15.7721,7.886
FAST,BRIEF,MAT_FLANN,DES_BINARY,SEL_KNN,494,25,25,0.33315,1.99942,5.01498,2.33257,0.389524,7.73708,TTC_3_4.bmp,12.8628,16.6787,7.839
FAST,BRIEF,MAT_FLANN,DES_BINARY,SEL_KNN,491,20,20,0.323635,1.67159,4.85695,1.99522,0.36411,7.21628,TTC_4_5.bmp,19.3832,15.5779,7.789
FAST,BRIEF,MAT_FLANN,DES_BINARY,SEL_KNN,475,10,10,0.347204,1.58217,5.08971,1.92937,0.375344,7.39443,TTC_5_6.bmp,nan,11.8831,7.724
FAST,BRIEF,MAT_FLANN,DES_BINARY,SEL_KNN,472,29,29,0.311575,1.77952,4.96265,2.0911,0.360927,7.41468,TTC_6_7.bmp,26.9091,11.7831,7.659
FAST,BRIEF,MAT_FLANN,DES_BINARY,SEL_KNN,484,29,29,0.383602,1.89238,5.38075,2.27598,0.387873,8.0446,TTC_7_8.bmp,12.4931,13.5768,7.603
FAST,BRIEF,MAT_FLANN,DES_BINARY,SEL_KNN,472,0,0,0.343659,1.57052,5.08426,1.91418,0.370907,7.36934,TTC_8_9.bmp,nan,13.9795,7.549
FAST,BRIEF,MAT_FLANN,DES_BINARY,SEL_KNN,489,26,26,0.35353,1.59463,4.87589,1.94816,0.343468,7.16752,TTC_9_10.bmp,24.484,11.5139,7.484
FAST,BRIEF,MAT_FLANN,DES_BINARY,SEL_KNN,487,0,0,0.323893,1.62908,5.17074,1.95297,0.34175,7.46546,TTC_10_11.bmp,nan,12.5847,7.425
FAST,BRIEF,MAT_FLANN,DES_BINARY,SEL_KNN,500,0,0,0.367609,1.64282,5.22429,2.01043,0.331783,7.56651,TTC_11_12.bmp,nan,8.73927,7.341
FAST,BRIEF,MAT_FLANN,DES_BINARY,SEL_KNN,488,0,0,0.333475,1.66214,5.30334,1.99561,0.369335,7.66829,TTC_12_13.bmp,nan,9.95617,7.268
FAST,BRIEF,MAT_FLANN,DES_BINARY,SEL_KNN,495,31,31,0.341328,1.62118,5.15179,1.96251,0.392362,7.50666,TTC_13_14.bmp,nan,9.72157,7.194
FAST,BRIEF,MAT_FLANN,DES_BINARY,SEL_KNN,502,28,28,0.359449,1.56014,4.92212,1.91959,0.390361,7.23206,TTC_14_15.bmp,12.2156,8.16898,7.107
FAST,BRIEF,MAT_FLANN,DES_BINARY,SEL_KNN,492,30,30,0.339967,1.74627,5.07112,2.08624,0.419299,7.57666,TTC_15_16.bmp,13.0611,10.3515,7.039
FAST,BRIEF,MAT_FLANN,DES_BINARY,SEL_KNN,500,26,26,0.372226,1.62575,4.9514,1.99797,0.371124,7.3205,TTC_16_17.bmp,7.78691,9.16182,6.963
FAST,BRIEF,MAT_FLANN,DES_BINARY,SEL_KNN,511,13,13,0.361771,1.61133,4.95164,1.9731,0.382951,7.30769,TTC_17_18.bmp,nan,8.82697,6.885
FAST,ORB,MAT_FLANN,DES_BINARY,SEL_KNN,494,0,0,0.667901,4.05534,5.04334,4.72324,0.289293,10.0559,TTC_0_1.bmp,nan,12.3137,8.004
FAST,ORB,MAT_FLANN,DES_BINARY,SEL_KNN,503,19,19,0.28943,1.97826,5.1285,2.26769,0.484322,7.88051,TTC_1_2.bmp,12.0342,11.6706,7.936
FAST,ORB,MAT_FLANN,DES_BINARY,SEL_KNN,491,20,20,0.346781,1.99361,5.29489,2.34039,0.338482,7.97376,TTC_2_3.bmp,12.9455,15.7721,7.886
FAST,ORB,MAT_FLANN,DES_BINARY,SEL_KNN,494,19,19,0.323334,1.9289,4.95074,2.25223,0.353621,7.5566,TTC_3_4.bmp,nan,16.6787,7.839
FAST,ORB,MAT_FLANN,DES_BINARY,SEL_KNN,491,19,19,0.347651,1.96686,4.92022,2.31451,0.328784,7.56352,TTC_4_5.bmp,nan,15.5779,7.789
FAST,ORB,MAT_FLANN,DES_BINARY,SEL_KNN,475,26,26,0.374498,1.99475,4.94765,2.36924,0.36899,7.68589,TTC_5_6.bmp,12.0352,11.8831,7.724
FAST,ORB,MAT_FLANN,DES_BINARY,SEL_KNN,472,0,0,0.319862,1.95813,4.7256,2.27799,0.315725,7.31932,TTC_6_7.bmp,nan,11.7831,7.659
FAST,ORB,MAT_FLANN,DES_BINARY,SEL_KNN,484,27,27,0.355182,2.17323,4.87963,2.52842,0.309513,7.71756,TTC_7_8.bmp,12.4352,13.5768,7.603
FAST,ORB,MAT_FLANN,DES_BINARY,SEL_KNN,472,29,29,0.332135,1.95387,4.83257,2.28601,0.307662,7.42624,TTC_8_9.bmp,11.8547,13.9795,7.549
FAST,ORB,MAT_FLANN,DES_BINARY,SEL_KNN,489,0,0,0.351251,2.05029,4.87588,2.40154,0.316044,7.59346,TTC_9_10.bmp,nan,11.5139,7.484
FAST,ORB,MAT_FLANN,DES_BINARY,SEL_KNN,487,0,0,0.372391,2.26595,4.84606,2.63835,0.318944,7.80335,TTC_10_11.bmp,nan,12.5847,7.425
FAST,ORB,MAT_FLANN,DES_BINARY,SEL_KNN,500,29,29,0.320011,1.83464,4.58573,2.15465,0.278801,7.01918,TTC_11_12.bmp,13.6733,8.73927,7.341
FAST,ORB,MAT_FLANN,DES_BINARY,SEL_KNN,488,0,0,0.347935,1.89982,4.97491,2.24775,0.307824,7.53048,TTC_12_13.bmp,nan,9.95617,7.268
FAST,ORB,MAT_FLANN,DES_BINARY,SEL_KNN,495,13,13,0.342648,1.95019,4.92161,2.29284,0.344839,7.55929,TTC_13_14.bmp,nan,9.72157,7.194
FAST,ORB,MAT_FLANN,DES_BINARY,SEL_KNN,502,10,10,0.323644,1.92457,4.85072,2.24821,0.336311,7.43524,TTC_14_15.bmp,nan,8.16898,7.107
FAST,ORB,MAT_FLANN,DES_BINARY,SEL_KNN,492,14,14,0.360144,2.02174,4.8947,2.38188,0.336781,7.61336,TTC_15_16.bmp,nan,10.3515,7.039
FAST,ORB,MAT_FLANN,DES_BINARY,SEL_KNN,500,21,21,0.33355,1.89392,4.78153,2.22747,0.327551,7.33655,TTC_16_17.bmp,10.382,9.16182,6.963
FAST,ORB,MAT_FLANN,DES_BINARY,SEL_KNN,511,24,24,0.358851,2.02897,4.84924,2.38783,0.346218,7.58328,TTC_17_18.bmp,nan,8.82697,6.885
FAST,FREAK,MAT_FLANN,DES_BINARY,SEL_KNN,494,12,12,0.792384,60.5515,8.11662,61.3438,0.309882,69.7704,TTC_0_1.bmp,nan,12.3137,8.004
FAST,FREAK,MAT_FLANN,DES_BINARY,SEL_KNN,503,0,0,0.467524,26.1394,6.60839,26.607,0.230548,33.4459,TTC_1_2.bmp,nan,11.6706,7.936
FAST,FREAK,MAT_FLANN,DES_BINARY,SEL_KNN,491,8,8,0.365362,24.4589,5.4298,24.8243,0.212002,30.4661,TTC_2_3.bmp,10.9507,15.7721,7.886
FAST,FREAK,MAT_FLANN,DES_BINARY,SEL_KNN,494,0,0,0.364441,27.0576,5.63198,27.422,0.235718,33.2897,TTC_3_4.bmp,nan,16.6787,7.839
FAST,FREAK,MAT_FLANN,DES_BINARY,SEL_KNN,491,6,6,0.362392,28.7827,5.80218,29.1451,0.189829,35.1371,TTC_4_5.bmp,12.959,15.5779,7.789
FAST,FREAK,MAT_FLANN,DES_BINARY,SEL_KNN,475,0,0,0.325325,24.0857,5.12427,24.411,0.201529,29.7368,TTC_5_6.bmp,nan,11.8831,7.724
FAST,FREAK,MAT_FLANN,DES_BINARY,SEL_KNN,472,0,0,0.34151,23.0361,4.98507,23.3776,0.189602,28.5523,TTC_6_7.bmp,nan,11.7831,7.659
FAST,FREAK,MAT_FLANN,DES_BINARY,SEL_KNN,484,16,16,0.350028,24.3447,5.22122,24.6948,0.203555,30.1195,TTC_7_8.bmp,nan,13.5768,7.603
FAST,FREAK,MAT_FLANN,DES_BINARY,SEL_KNN,472,0,0,0.336533,23.7901,5.04531,24.1266,0.199635,29.3716,TTC_8_9.bmp,nan,13.9795,7.549
FAST,FREAK,MAT_FLANN,DES_BINARY,SEL_KNN,489,0,0,0.352344,24.1156,5.0334,24.4679,0.191675,29.693,TTC_9_10.bmp,nan,11.5139,7.484
FAST,FREAK,MAT_FLANN,DES_BINARY,SEL_KNN,487,14,14,0.345464,24.9378,5.32457,25.2833,0.172148,30.78,TTC_10_11.bmp,nan,12.5847,7.425
FAST,FREAK,MAT_FLANN,DES_BINARY,SEL_KNN,500,0,0,0.350902,24.2495,5.2803,24.6004,0.167528,30.0482,TTC_11_12.bmp,nan,8.73927,7.341
FAST,FREAK,MAT_FLANN,DES_BINARY,SEL_KNN,488,0,0,0.330274,23.8891,5.15789,24.2193,0.197175,29.5744,TTC_12_13.bmp,nan,9.95617,7.268
FAST,FREAK,MAT_FLANN,DES_BINARY,SEL_KNN,495,0,0,0.33464,24.1465,5.16969,24.4812,0.225053,29.8759,TTC_13_14.bmp,nan,9.72157,7.194
FAST,FREAK,MAT_FLANN,DES_BINARY,SEL_KNN,502,0,0,0.33713,24.7697,5.48267,25.1068,0.220588,30.81,TTC_14_15.bmp,nan,8.16898,7.107
FAST,FREAK,MAT_FLANN,DES_BINARY,SEL_KNN,492,0,0,0.359458,24.4574,5.20721,24.8168,0.209042,30.2331,TTC_15_16.bmp,nan,10.3515,7.039
FAST,FREAK,MAT_FLANN,DES_BINARY,SEL_KNN,500,16,16,0.338872,23.9873,5.10934,24.3262,0.20655,29.6421,TTC_16_17.bmp,10.428,9.16182,6.963
FAST,FREAK,MAT_FLANN,DES_BINARY,SEL_KNN,511,16,16,0.330562,23.4612,5.32404,23.7917,0.319293,29.4351,TTC_17_18.bmp,7.32587,8.82697,6.885
FAST,SIFT,MAT_FLANN,DES_HOG,SEL_KNN,494,21,21,0.711614,33.7502,6.86195,34.4618,0.431095,41.7549,TTC_0_1.bmp,12.8113,12.3137,8.004
FAST,SIFT,MAT_FLANN,DES_HOG,SEL_KNN,503,28,28,0.323638,17.6882,8.98875,18.0119,0.58803,27.5886,TTC_1_2.bmp,42.0572,11.6706,7.936
FAST,SIFT,MAT_FLANN,DES_HOG,SEL_KNN,491,27,27,0.340883,15.3217,7.20352,15.6626,0.467601,23.3337,TTC_2_3.bmp,12.9455,15.7721,7.886
FAST,SIFT,MAT_FLANN,DES_HOG,SEL_KNN,494,23,23,0.337283,15.6956,6.91092,16.0329,0.504241,23.4481,TTC_3_4.bmp,12.6321,16.6787,7.839
FAST,SIFT,MAT_FLANN,DES_HOG,SEL_KNN,491,20,20,0.369546,17.3393,7.65672,17.7089,0.539316,25.9049,TTC_4_5.bmp,-inf,15.5779,7.789
FAST,SIFT,MAT_FLANN,DES_HOG,SEL_KNN,475,30,30,0.296578,15.0382,6.80087,15.3348,0.476529,22.6122,TTC_5_6.bmp,10.7071,11.8831,7.724
FAST,SIFT,MAT_FLANN,DES_HOG,SEL_KNN,472,32,32,0.324729,15.9515,7.17278,16.2763,0.476144,23.9252,TTC_6_7.bmp,nan,11.7831,7.659
FAST,SIFT,MAT_FLANN,DES_HOG,SEL_KNN,484,38,38,0.30674,15.4421,7.02656,15.7489,0.408639,23.1841,TTC_7_8.bmp,11.2436,13.5768,7.603
FAST,SIFT,MAT_FLANN,DES_HOG,SEL_KNN,472,34,34,0.324981,15.718,6.74749,16.0429,0.44191,23.2323,TTC_8_9.bmp,13.359,13.9795,7.549
FAST,SIFT,MAT_FLANN,DES_HOG,SEL_KNN,489,31,31,0.285323,16.4818,7.59521,16.7672,0.656684,25.0191,TTC_9_10.bmp,29.374,11.5139,7.484
FAST,SIFT,MAT_FLANN,DES_HOG,SEL_KNN,487,27,27,0.325827,16.4828,6.75192,16.8086,0.37991,23.9405,TTC_10_11.bmp,42.5808,12.5847,7.425
FAST,SIFT,MAT_FLANN,DES_HOG,SEL_KNN,500,39,39,0.320264,16.0647,6.73715,16.385,0.408212,23.5303,TTC_11_12.bmp,13.5328,8.73927,7.341
FAST,SIFT,MAT_FLANN,DES_HOG,SEL_KNN,488,0,0,0.332692,15.727,6.83182,16.0597,0.439637,23.3312,TTC_12_13.bmp,nan,9.95617,7.268
FAST,SIFT,MAT_FLANN,DES_HOG,SEL_KNN,495,39,39,0.291576,15.5286,6.9165,15.8201,0.473542,23.2102,TTC_13_14.bmp,12.535,9.72157,7.194
FAST,SIFT,MAT_FLANN,DES_HOG,SEL_KNN,502,33,33,0.392721,17.1372,7.50486,17.5299,0.545003,25.5798,TTC_14_15.bmp,12.2863,8.16898,7.107
FAST,SIFT,MAT_FLANN,DES_HOG,SEL_KNN,492,33,33,0.312663,15.7002,6.91221,16.0129,0.493595,23.4187,TTC_15_16.bmp,11.2213,10.3515,7.039
FAST,SIFT,MAT_FLANN,DES_HOG,SEL_KNN,500,18,18,0.350086,16.6571,7.42166,17.0072,0.474159,24.903,TTC_16_17.bmp,nan,9.16182,6.963
FAST,SIFT,MAT_FLANN,DES_HOG,SEL_KNN,511,36,36,0.350777,15.8322,7.91027,16.183,0.531355,24.6246,TTC_17_18.bmp,13.0192,8.82697,6.885
BRISK,BRISK,MAT_FLANN,DES_BINARY,SEL_KNN,3000,73,73,221.416,106.642,35.8749,328.058,1.20558,365.139,TTC_0_1.bmp,12.8204,12.3137,8.004
BRISK,BRISK,MAT_FLANN,DES_BINARY,SEL_KNN,2974,93,93,78.1523,69.285,52.6059,147.437,1.77613,201.819,TTC_1_2.bmp,21.5276,11.6706,7.936
BRISK,BRISK,MAT_FLANN,DES_BINARY,SEL_KNN,2953,99,99,66.4854,54.6646,37.8464,121.15,1.36196,160.358,TTC_2_3.bmp,17.1843,15.7721,7.886
BRISK,BRISK,MAT_FLANN,DES_BINARY,SEL_KNN,2855,77,77,67.5803,55.238,40.3385,122.818,1.45508,164.612,TTC_3_4.bmp,15.5742,16.6787,7.839
BRISK,BRISK,MAT_FLANN,DES_BINARY,SEL_KNN,2906,75,75,69.3576,56.4879,38.6195,125.846,1.41243,165.877,TTC_4_5.bmp,43.3991,15.5779,7.789
BRISK,BRISK,MAT_FLANN,DES_BINARY,SEL_KNN,2886,78,78,70.6991,61.3756,47.7425,132.075,1.36056,181.178,TTC_5_6.bmp,25.3261,11.8831,7.724
BRISK,BRISK,MAT_FLANN,DES_BINARY,SEL_KNN,2886,95,95,66.9125,55.5531,37.1696,122.466,1.28714,160.922,TTC_6_7.bmp,17.08,11.7831,7.659
BRISK,BRISK,MAT_FLANN,DES_BINARY,SEL_KNN,2893,76,76,69.1014,56.2396,37.793,125.341,1.27732,164.411,TTC_7_8.bmp,23.3343,13.5768,7.603
BRISK,BRISK,MAT_FLANN,DES_BINARY,SEL_KNN,2930,88,88,70.3087,56.5394,36.8061,126.848,1.16359,164.818,TTC_8_9.bmp,46.2238,13.9795,7.549
BRISK,BRISK,MAT_FLANN,DES_BINARY,SEL_KNN,3022,89,89,72.0267,60.6107,58.349,132.637,2.16102,193.147,TTC_9_10.bmp,15.0729,11.5139,7.484
BRISK,BRISK,MAT_FLANN,DES_BINARY,SEL_KNN,3013,93,93,69.7709,56.3061,40.3772,126.077,1.19712,167.651,TTC_10_11.bmp,16.1811,12.5847,7.425
BRISK,BRISK,MAT_FLANN,DES_BINARY,SEL_KNN,2949,110,110,73.2961,63.3574,53.1858,136.653,2.33091,192.17,TTC_11_12.bmp,13.5241,8.73927,7.341
BRISK,BRISK,MAT_FLANN,DES_BINARY,SEL_KNN,3012,106,106,78.5861,56.9785,37.8396,135.565,1.34541,174.75,TTC_12_13.bmp,13.988,9.95617,7.268
BRISK,BRISK,MAT_FLANN,DES_BINARY,SEL_KNN,3026,112,112,71.6237,57.4067,39.7164,129.03,1.34814,170.095,TTC_13_14.bmp,12.8407,9.72157,7.194
BRISK,BRISK,MAT_FLANN,DES_BINARY,SEL_KNN,3074,110,110,70.2308,56.5331,37.9301,126.764,1.50757,166.202,TTC_14_15.bmp,15.3719,8.16898,7.107
BRISK,BRISK,MAT_FLANN,DES_BINARY,SEL_KNN,3131,98,98,70.2161,58.1243,39.9736,128.34,1.61152,169.925,TTC_15_16.bmp,12.721,10.3515,7.039
BRISK,BRISK,MAT_FLANN,DES_BINARY,SEL_KNN,3135,112,112,71.0999,58.0621,39.8759,129.162,1.41165,170.45,TTC_16_17.bmp,12.7364,9.16182,6.963
BRISK,BRISK,MAT_FLANN,DES_BINARY,SEL_KNN,3146,124,124,70.2379,57.675,41.7041,127.913,1.57479,171.192,TTC_17_18.bmp,13.4763,8.82697,6.885
BRISK,BRIEF,MAT_FLANN,DES_BINARY,SEL_KNN,3000,70,70,132.381,15.2414,33.0353,147.622,1.29538,181.953,TTC_0_1.bmp,14.4862,12.3137,8.004
BRISK,BRIEF,MAT_FLANN,DES_BINARY,SEL_KNN,2974,80,80,77.5462,9.24748,38.6444,86.7937,1.57536,127.013,TTC_1_2.bmp,17.2717,11.6706,7.936
BRISK,BRIEF,MAT_FLANN,DES_BINARY,SEL_KNN,2953,110,110,66.3804,7.03803,32.615,73.4185,1.56521,107.599,TTC_2_3.bmp,15.6519,15.7721,7.886
BRISK,BRIEF,MAT_FLANN,DES_BINARY,SEL_KNN,2855,95,95,66.0882,7.60102,32.3219,73.6892,1.55325,107.564,TTC_3_4.bmp,15.919,16.6787,7.839
BRISK,BRIEF,MAT_FLANN,DES_BINARY,SEL_KNN,2906,72,72,68.5615,9.05928,35.0902,77.6208,1.57778,114.289,TTC_4_5.bmp,17.3597,15.5779,7.789
BRISK,BRIEF,MAT_FLANN,DES_BINARY,SEL_KNN,2886,107,107,66.9057,7.41291,34.1352,74.3186,1.59658,110.05,TTC_5_6.bmp,15.319,11.8831,7.724
BRISK,BRIEF,MAT_FLANN,DES_BINARY,SEL_KNN,2886,106,106,67.1349,6.98179,31.4924,74.1167,1.43009,107.039,TTC_6_7.bmp,15.967,11.7831,7.659
BRISK,BRIEF,MAT_FLANN,DES_BINARY,SEL_KNN,2893,91,91,67.1663,7.70928,43.9249,74.8755,1.48484,120.285,TTC_7_8.bmp,18.8479,13.5768,7.603
BRISK,BRIEF,MAT_FLANN,DES_BINARY,SEL_KNN,2930,114,114,67.2461,8.18249,31.4753,75.4286,1.38628,108.29,TTC_8_9.bmp,16.7154,13.9795,7.549
BRISK,BRIEF,MAT_FLANN,DES_BINARY,SEL_KNN,3022,94,94,68.0024,7.1558,31.6555,75.1582,1.35987,108.174,TTC_9_10.bmp,13.1494,11.5139,7.484
BRISK,BRIEF,MAT_FLANN,DES_BINARY,SEL_KNN,3013,73,73,68.3742,7.93608,34.7951,76.3103,1.28615,112.392,TTC_10_11.bmp,14.911,12.5847,7.425
BRISK,BRIEF,MAT_FLANN,DES_BINARY,SEL_KNN,2949,105,105,66.2054,6.93681,31.8496,73.1422,1.33931,106.331,TTC_11_12.bmp,39.4338,8.73927,7.341
BRISK,BRIEF,MAT_FLANN,DES_BINARY,SEL_KNN,3012,111,111,66.3474,7.81686,31.8427,74.1642,1.37368,107.381,TTC_12_13.bmp,13.5114,9.95617,7.268
BRISK,BRIEF,MAT_FLANN,DES_BINARY,SEL_KNN,3026,109,109,68.8351,7.87444,33.7596,76.7096,1.56361,112.033,TTC_13_14.bmp,13.0128,9.72157,7.194
BRISK,BRIEF,MAT_FLANN,DES_BINARY,SEL_KNN,3074,120,120,68.9258,7.66396,32.8771,76.5897,1.70419,111.171,TTC_14_15.bmp,12.1754,8.16898,7.107
BRISK,BRIEF,MAT_FLANN,DES_BINARY,SEL_KNN,3131,121,121,69.2392,7.51293,33.7239,76.7521,1.60131,112.077,TTC_15_16.bmp,13.1313,10.3515,7.039
BRISK,BRIEF,MAT_FLANN,DES_BINARY,SEL_KNN,3135,119,119,69.1963,7.71109,35.947,76.9073,1.59488,114.449,TTC_16_17.bmp,9.85826,9.16182,6.963
BRISK,BRIEF,MAT_FLANN,DES_BINARY,SEL_KNN,3146,119,119,69.2941,7.51132,35.5916,76.8055,1.89335,114.29,TTC_17_18.bmp,12.3176,8.82697,6.885
BRISK,ORB,MAT_FLANN,DES_BINARY,SEL_KNN,3000,55,55,144.167,20.4828,34.8419,164.649,0.866946,200.358,TTC_0_1.bmp,12.4907,12.3137,8.004
BRISK,ORB,MAT_FLANN,DES_BINARY,SEL_KNN,2974,56,56,77.3702,10.0619,43.3238,87.4321,1.05883,131.815,TTC_1_2.bmp,20.3205,11.6706,7.936
BRISK,ORB,MAT_FLANN,DES_BINARY,SEL_KNN,2953,52,52,66.4904,12.7412,33.322,79.2315,0.948736,113.502,TTC_2_3.bmp,18.9571,15.7721,7.886
BRISK,ORB,MAT_FLANN,DES_BINARY,SEL_KNN,2855,45,45,64.8817,9.60712,31.8682,74.4889,0.956923,107.314,TTC_3_4.bmp,16.6317,16.6787,7.839
BRISK,ORB,MAT_FLANN,DES_BINARY,SEL_KNN,2906,43,43,64.7352,9.32881,30.9718,74.064,0.91943,105.955,TTC_4_5.bmp,nan,15.5779,7.789
BRISK,ORB,MAT_FLANN,DES_BINARY,SEL_KNN,2886,40,40,65.2212,9.38189,32.0858,74.6031,0.888953,107.578,TTC_5_6.bmp,59.9447,11.8831,7.724
BRISK,ORB,MAT_FLANN,DES_BINARY,SEL_KNN,2886,63,63,65.9516,9.22009,31.0904,75.1717,0.850316,107.112,TTC_6_7.bmp,16.2209,11.7831,7.659
BRISK,ORB,MAT_FLANN,DES_BINARY,SEL_KNN,2893,54,54,64.4626,9.29998,30.8454,73.7626,0.827645,105.436,TTC_7_8.bmp,19.8008,13.5768,7.603
BRISK,ORB,MAT_FLANN,DES_BINARY,SEL_KNN,2930,55,55,65.884,9.39945,31.8707,75.2835,0.780316,107.934,TTC_8_9.bmp,21.779,13.9795,7.549
BRISK,ORB,MAT_FLANN,DES_BINARY,SEL_KNN,3022,61,61,67.0709,9.66666,31.8406,76.7376,0.792905,109.371,TTC_9_10.bmp,12.1028,11.5139,7.484
BRISK,ORB,MAT_FLANN,DES_BINARY,SEL_KNN,3013,46,46,66.227,9.59833,32.3902,75.8254,0.769236,108.985,TTC_10_11.bmp,16.1811,12.5847,7.425
BRISK,ORB,MAT_FLANN,DES_BINARY,SEL_KNN,2949,73,73,65.9334,9.39014,32.6875,75.3236,0.831126,108.842,TTC_11_12.bmp,13.6247,8.73927,7.341
BRISK,ORB,MAT_FLANN,DES_BINARY,SEL_KNN,3012,65,65,67.6617,9.65527,31.9604,77.317,0.870075,110.147,TTC_12_13.bmp,12.3266,9.95617,7.268
BRISK,ORB,MAT_FLANN,DES_BINARY,SEL_KNN,3026,75,75,68.1448,10.492,33.7651,78.6368,0.91295,113.315,TTC_13_14.bmp,15.0563,9.72157,7.194
BRISK,ORB,MAT_FLANN,DES_BINARY,SEL_KNN,3074,71,71,68.3036,9.83551,32.6481,78.1392,0.931024,111.718,TTC_14_15.bmp,12.7212,8.16898,7.107
BRISK,ORB,MAT_FLANN,DES_BINARY,SEL_KNN,3131,67,67,70.4899,9.92026,39.7734,80.4102,1.85351,122.037,TTC_15_16.bmp,12.5622,10.3515,7.039
BRISK,ORB,MAT_FLANN,DES_BINARY,SEL_KNN,3135,53,53,67.8917,9.78142,33.3186,77.6731,0.908852,111.901,TTC_16_17.bmp,8.96972,9.16182,6.963
BRISK,ORB,MAT_FLANN,DES_BINARY,SEL_KNN,3146,71,71,69.1085,9.79608,33.9242,78.9046,1.03584,113.865,TTC_17_18.bmp,12.6858,8.82697,6.885
BRISK,FREAK,MAT_FLANN,DES_BINARY,SEL_KNN,3000,62,62,131.804,70.3462,28.9185,202.151,0.9941,232.063,TTC_0_1.bmp,22.7355,12.3137,8.004
BRISK,FREAK,MAT_FLANN,DES_BINARY,SEL_KNN,2974,80,80,80.912,52.8346,35.9609,133.747,1.17508,170.882,TTC_1_2.bmp,40.2509,11.6706,7.936
BRISK,FREAK,MAT_FLANN,DES_BINARY,SEL_KNN,2953,86,86,66.9175,35.6569,30.7599,102.574,1.19349,134.528,TTC_2_3.bmp,15.2642,15.7721,7.886
BRISK,FREAK,MAT_FLANN,DES_BINARY,SEL_KNN,2855,67,67,64.8488,36.3257,29.9804,101.174,1.14664,132.301,TTC_3_4.bmp,14.8068,16.6787,7.839
BRISK,FREAK,MAT_FLANN,DES_BINARY,SEL_KNN,2906,59,59,65.1295,35.2346,29.3027,100.364,1.04524,130.712,TTC_4_5.bmp,43.8061,15.5779,7.789
BRISK,FREAK,MAT_FLANN,DES_BINARY,SEL_KNN,2886,66,66,65.7068,36.6052,29.8145,102.312,1.08268,133.209,TTC_5_6.bmp,20.3574,11.8831,7.724
BRISK,FREAK,MAT_FLANN,DES_BINARY,SEL_KNN,2886,80,80,66.6774,36.4627,29.2311,103.14,0.966683,133.338,TTC_6_7.bmp,18.2913,11.7831,7.659
BRISK,FREAK,MAT_FLANN,DES_BINARY,SEL_KNN,2893,61,61,65.7834,35.1757,28.8714,100.959,0.969671,130.8,TTC_7_8.bmp,31.1189,13.5768,7.603
BRISK,FREAK,MAT_FLANN,DES_BINARY,SEL_KNN,2930,73,73,66.2303,35.4795,29.7452,101.71,0.966462,132.421,TTC_8_9.bmp,17.7886,13.9795,7.549
BRISK,FREAK,MAT_FLANN,DES_BINARY,SEL_KNN,3022,75,75,67.1749,37.2564,29.6938,104.431,0.966705,135.092,TTC_9_10.bmp,12.1939,11.5139,7.484
BRISK,FREAK,MAT_FLANN,DES_BINARY,SEL_KNN,3013,72,72,70.3033,35.5904,29.7902,105.894,0.898365,136.582,TTC_10_11.bmp,14.727,12.5847,7.425
BRISK,FREAK,MAT_FLANN,DES_BINARY,SEL_KNN,2949,87,87,66.7746,35.699,29.9136,102.474,0.924215,133.311,TTC_11_12.bmp,12.957,8.73927,7.341
BRISK,FREAK,MAT_FLANN,DES_BINARY,SEL_KNN,3012,91,91,68.4246,35.8895,29.8839,104.314,1.03521,135.233,TTC_12_13.bmp,29.6535,9.95617,7.268
BRISK,FREAK,MAT_FLANN,DES_BINARY,SEL_KNN,3026,86,86,67.2408,35.7017,29.2176,102.942,1.01841,133.178,TTC_13_14.bmp,12.6323,9.72157,7.194
BRISK,FREAK,MAT_FLANN,DES_BINARY,SEL_KNN,3074,77,77,71.1386,37.3827,29.8553,108.521,1.13115,139.508,TTC_14_15.bmp,14.2322,8.16898,7.107
BRISK,FREAK,MAT_FLANN,DES_BINARY,SEL_KNN,3131,67,67,68.4463,36.341,30.9166,104.787,1.12608,136.83,TTC_15_16.bmp,15.288,10.3515,7.039
BRISK,FREAK,MAT_FLANN,DES_BINARY,SEL_KNN,3135,74,74,69.4212,36.0716,31.2558,105.493,1.13349,137.882,TTC_16_17.bmp,9.68446,9.16182,6.963
BRISK,FREAK,MAT_FLANN,DES_BINARY,SEL_KNN,3146,96,96,71.652,38.7387,34.3859,110.391,1.81512,146.592,TTC_17_18.bmp,12.7996,8.82697,6.885
BRISK,SIFT,MAT_FLANN,DES_HOG,SEL_KNN,3000,101,101,131.603,175.63,48.9107,307.234,1.87072,358.015,TTC_0_1.bmp,13.3707,12.3137,8.004
BRISK,SIFT,MAT_FLANN,DES_HOG,SEL_KNN,2974,95,95,83.0763,130.156,81.3391,213.232,3.30499,297.876,TTC_1_2.bmp,54.1851,11.6706,7.936
BRISK,SIFT,MAT_FLANN,DES_HOG,SEL_KNN,2953,128,128,66.7268,90.5758,50.4916,157.303,2.14319,209.937,TTC_2_3.bmp,24.1151,15.7721,7.886
BRISK,SIFT,MAT_FLANN,DES_HOG,SEL_KNN,2855,110,110,68.8159,84.1713,47.7893,152.987,2.26421,203.041,TTC_3_4.bmp,16.9243,16.6787,7.839
BRISK,SIFT,MAT_FLANN,DES_HOG,SEL_KNN,2906,96,96,66.2286,86.6479,47.6672,152.876,2.07093,202.615,TTC_4_5.bmp,33.3204,15.5779,7.789
BRISK,SIFT,MAT_FLANN,DES_HOG,SEL_KNN,2886,93,93,65.831,85.604,48.3925,151.435,2.06791,201.895,TTC_5_6.bmp,18.85,11.8831,7.724
BRISK,SIFT,MAT_FLANN,DES_HOG,SEL_KNN,2886,117,117,66.0407,83.2901,47.7646,149.331,1.95493,199.05,TTC_6_7.bmp,13.8561,11.7831,7.659
BRISK,SIFT,MAT_FLANN,DES_HOG,SEL_KNN,2893,96,96,70.1556,91.2396,51.0898,161.395,1.99339,214.478,TTC_7_8.bmp,17.4242,13.5768,7.603
BRISK,SIFT,MAT_FLANN,DES_HOG,SEL_KNN,2930,122,122,67.4831,84.9858,47.805,152.469,1.86204,202.136,TTC_8_9.bmp,29.9718,13.9795,7.549
BRISK,SIFT,MAT_FLANN,DES_HOG,SEL_KNN,3022,122,122,66.6331,87.9065,49.7452,154.54,1.8592,206.144,TTC_9_10.bmp,16.4325,11.5139,7.484
BRISK,SIFT,MAT_FLANN,DES_HOG,SEL_KNN,3013,110,110,66.5927,87.6162,49.469,154.209,1.7814,205.459,TTC_10_11.bmp,12.3304,12.5847,7.425
BRISK,SIFT,MAT_FLANN,DES_HOG,SEL_KNN,2949,140,140,66.9737,84.3724,48.8971,151.346,1.82797,202.071,TTC_11_12.bmp,11.5044,8.73927,7.341
BRISK,SIFT,MAT_FLANN,DES_HOG,SEL_KNN,3012,136,136,67.0672,85.3117,50.0784,152.379,2.01475,204.472,TTC_12_13.bmp,16.1389,9.95617,7.268
BRISK,SIFT,MAT_FLANN,DES_HOG,SEL_KNN,3026,127,127,67.1309,85.2393,49.6815,152.37,1.956,204.008,TTC_13_14.bmp,10.9098,9.72157,7.194
BRISK,SIFT,MAT_FLANN,DES_HOG,SEL_KNN,3074,139,139,67.2478,87.6603,50.7295,154.908,2.20491,207.843,TTC_14_15.bmp,13.3519,8.16898,7.107
BRISK,SIFT,MAT_FLANN,DES_HOG,SEL_KNN,3131,114,114,69.0344,89.8728,50.5487,158.907,2.22801,211.684,TTC_15_16.bmp,11.1116,10.3515,7.039
BRISK,SIFT,MAT_FLANN,DES_HOG,SEL_KNN,3135,138,138,68.7769,90.028,52.8178,158.805,2.1389,213.762,TTC_16_17.bmp,10.2172,9.16182,6.963
BRISK,SIFT,MAT_FLANN,DES_HOG,SEL_KNN,3146,153,153,68.41,92.2825,53.5439,160.693,2.25979,216.496,TTC_17_18.bmp,12.2886,8.82697,6.885
ORB,BRISK,MAT_FLANN,DES_BINARY,SEL_KNN,500,24,24,585.041,78.3043,4.4874,663.345,0.310039,668.142,TTC_0_1.bmp,12.5394,12.3137,8.004
ORB,BRISK,MAT_FLANN,DES_BINARY,SEL_KNN,500,34,34,7.1118,23.4671,4.35949,30.5789,0.310163,35.2486,TTC_1_2.bmp,nan,11.6706,7.936
ORB,BRISK,MAT_FLANN,DES_BINARY,SEL_KNN,500,45,45,8.17552,25.6809,5.00246,33.8564,0.580529,39.4394,TTC_2_3.bmp,11.0795,15.7721,7.886
ORB,BRISK,MAT_FLANN,DES_BINARY,SEL_KNN,500,43,43,7.08098,23.2254,4.52152,30.3064,0.35679,35.1847,TTC_3_4.bmp,19.4037,16.6787,7.839
ORB,BRISK,MAT_FLANN,DES_BINARY,SEL_KNN,500,42,42,10.6748,28.0691,5.0439,38.7439,0.365963,44.1538,TTC_4_5.bmp,68.0965,15.5779,7.789
ORB,BRISK,MAT_FLANN,DES_BINARY,SEL_KNN,500,37,37,7.03706,23.0138,4.55614,30.0509,0.358985,34.966,TTC_5_6.bmp,35.9299,11.8831,7.724
ORB,BRISK,MAT_FLANN,DES_BINARY,SEL_KNN,500,0,0,7.07729,23.1924,4.72205,30.2697,0.357448,35.3492,TTC_6_7.bmp,nan,11.7831,7.659
ORB,BRISK,MAT_FLANN,DES_BINARY,SEL_KNN,500,47,47,7.69091,24.774,5.09086,32.4649,0.372485,37.9283,TTC_7_8.bmp,10.4389,13.5768,7.603
ORB,BRISK,MAT_FLANN,DES_BINARY,SEL_KNN,500,0,0,7.17299,26.669,4.5703,33.842,0.319256,38.7316,TTC_8_9.bmp,nan,13.9795,7.549
ORB,BRISK,MAT_FLANN,DES_BINARY,SEL_KNN,500,0,0,8.50919,26.4816,4.95101,34.9908,0.323004,40.2648,TTC_9_10.bmp,nan,11.5139,7.484
ORB,BRISK,MAT_FLANN,DES_BINARY,SEL_KNN,500,35,35,7.68961,23.7608,5.19405,31.4504,0.320703,36.9652,TTC_10_11.bmp,nan,12.5847,7.425
ORB,BRISK,MAT_FLANN,DES_BINARY,SEL_KNN,500,0,0,9.10129,25.9993,5.8677,35.1006,0.337572,41.3059,TTC_11_12.bmp,nan,8.73927,7.341
ORB,BRISK,MAT_FLANN,DES_BINARY,SEL_KNN,500,42,42,6.96775,22.711,4.48591,29.6787,0.392487,34.5571,TTC_12_13.bmp,10.1102,9.95617,7.268
ORB,BRISK,MAT_FLANN,DES_BINARY,SEL_KNN,500,35,35,10.3546,22.7567,5.18708,33.1113,0.529997,38.8284,TTC_13_14.bmp,35.3185,9.72157,7.194
ORB,BRISK,MAT_FLANN,DES_BINARY,SEL_KNN,500,0,0,8.0236,24.7469,4.6831,32.7705,0.531706,37.9853,TTC_14_15.bmp,nan,8.16898,7.107
ORB,BRISK,MAT_FLANN,DES_BINARY,SEL_KNN,500,45,45,7.69111,28.7007,4.67857,36.3919,0.400664,41.4711,TTC_15_16.bmp,11.3501,10.3515,7.039
ORB,BRISK,MAT_FLANN,DES_BINARY,SEL_KNN,500,41,41,7.39717,23.4246,4.78172,30.8218,0.44278,36.0463,TTC_16_17.bmp,20.3554,9.16182,6.963
ORB,BRISK,MAT_FLANN,DES_BINARY,SEL_KNN,500,41,41,7.06365,23.3935,4.8655,30.4571,0.397412,35.72,TTC_17_18.bmp,27.7089,8.82697,6.885
ORB,BRIEF,MAT_FLANN,DES_BINARY,SEL_KNN,500,23,23,14.0591,4.66297,5.91555,18.7221,0.265178,24.9028,TTC_0_1.bmp,13.0112,12.3137,8.004
ORB,BRIEF,MAT_FLANN,DES_BINARY,SEL_KNN,500,29,29,9.9962,3.21003,7.13154,13.2062,0.418127,20.7559,TTC_1_2.bmp,24.1294,11.6706,7.936
ORB,BRIEF,MAT_FLANN,DES_BINARY,SEL_KNN,500,35,35,7.30104,1.87207,5.88455,9.17312,0.338102,15.3958,TTC_2_3.bmp,33.4723,15.7721,7.886
ORB,BRIEF,MAT_FLANN,DES_BINARY,SEL_KNN,500,24,24,6.89914,1.76305,5.16983,8.66219,0.288781,14.1208,TTC_3_4.bmp,nan,16.6787,7.839
ORB,BRIEF,MAT_FLANN,DES_BINARY,SEL_KNN,500,16,16,7.51824,1.97458,5.1112,9.49282,0.256587,14.8606,TTC_4_5.bmp,nan,15.5779,7.789
ORB,BRIEF,MAT_FLANN,DES_BINARY,SEL_KNN,500,23,23,7.35786,1.8324,5.33706,9.19026,0.298538,14.8259,TTC_5_6.bmp,9.65546,11.8831,7.724
ORB,BRIEF,MAT_FLANN,DES_BINARY,SEL_KNN,500,0,0,6.72951,1.83398,4.91029,8.56349,0.259483,13.7333,TTC_6_7.bmp,nan,11.7831,7.659
ORB,BRIEF,MAT_FLANN,DES_BINARY,SEL_KNN,500,0,0,6.9846,1.70371,5.03558,8.68832,0.236425,13.9603,TTC_7_8.bmp,nan,13.5768,7.603
ORB,BRIEF,MAT_FLANN,DES_BINARY,SEL_KNN,500,1,1,7.10805,1.87133,5.22844,8.97938,0.256465,14.4643,TTC_8_9.bmp,nan,13.9795,7.549
ORB,BRIEF,MAT_FLANN,DES_BINARY,SEL_KNN,500,26,26,6.83162,1.82237,5.10732,8.65399,0.246385,14.0077,TTC_9_10.bmp,9.98791,11.5139,7.484
ORB,BRIEF,MAT_FLANN,DES_BINARY,SEL_KNN,500,13,13,7.24233,1.90346,5.27573,9.14579,0.234976,14.6565,TTC_10_11.bmp,nan,12.5847,7.425
ORB,BRIEF,MAT_FLANN,DES_BINARY,SEL_KNN,500,29,29,7.02988,1.84484,5.22031,8.87472,0.239988,14.335,TTC_11_12.bmp,14.1668,8.73927,7.341
ORB,BRIEF,MAT_FLANN,DES_BINARY,SEL_KNN,500,25,25,6.77906,1.84792,5.10996,8.62699,0.266014,14.003,TTC_12_13.bmp,18.2207,9.95617,7.268
ORB,BRIEF,MAT_FLANN,DES_BINARY,SEL_KNN,500,40,40,7.7041,2.03242,5.75018,9.73652,0.307429,15.7941,TTC_13_14.bmp,14.9486,9.72157,7.194
ORB,BRIEF,MAT_FLANN,DES_BINARY,SEL_KNN,500,25,25,7.00674,1.8709,5.26098,8.87764,0.326696,14.4653,TTC_14_15.bmp,nan,8.16898,7.107
ORB,BRIEF,MAT_FLANN,DES_BINARY,SEL_KNN,500,21,21,7.87574,1.92392,5.27332,9.79966,0.343213,15.4162,TTC_15_16.bmp,11.2161,10.3515,7.039
ORB,BRIEF,MAT_FLANN,DES_BINARY,SEL_KNN,500,18,18,7.98589,1.96086,5.33005,9.94675,0.256356,15.5332,TTC_16_17.bmp,12.1386,9.16182,6.963
ORB,BRIEF,MAT_FLANN,DES_BINARY,SEL_KNN,500,22,22,6.92842,2.07005,5.02411,8.99848,0.261389,14.284,TTC_17_18.bmp,nan,8.82697,6.885
ORB,ORB,MAT_FLANN,DES_BINARY,SEL_KNN,500,25,25,14.0809,10.4583,5.74043,24.5392,0.272796,30.5524,TTC_0_1.bmp,16.6703,12.3137,8.004
ORB,ORB,MAT_FLANN,DES_BINARY,SEL_KNN,500,0,0,6.94108,5.18684,5.82899,12.1279,0.276404,18.2333,TTC_1_2.bmp,nan,11.6706,7.936
ORB,ORB,MAT_FLANN,DES_BINARY,SEL_KNN,500,34,34,7.14247,5.34861,6.00648,12.4911,0.32539,18.8229,TTC_2_3.bmp,22.5752,15.7721,7.886
ORB,ORB,MAT_FLANN,DES_BINARY,SEL_KNN,500,27,27,7.67777,5.72016,5.9423,13.3979,0.359497,19.6997,TTC_3_4.bmp,81.0597,16.6787,7.839
ORB,ORB,MAT_FLANN,DES_BINARY,SEL_KNN,500,0,0,6.66376,4.96017,5.2866,11.6239,0.30485,17.2154,TTC_4_5.bmp,nan,15.5779,7.789
ORB,ORB,MAT_FLANN,DES_BINARY,SEL_KNN,500,0,0,7.35393,5.17189,5.74304,12.5258,0.327874,18.5967,TTC_5_6.bmp,nan,11.8831,7.724
ORB,ORB,MAT_FLANN,DES_BINARY,SEL_KNN,500,0,0,7.61042,5.56134,5.77819,13.1718,0.362167,19.3121,TTC_6_7.bmp,nan,11.7831,7.659
ORB,ORB,MAT_FLANN,DES_BINARY,SEL_KNN,500,0,0,7.19291,4.88959,5.15225,12.0825,0.283337,17.5181,TTC_7_8.bmp,nan,13.5768,7.603
ORB,ORB,MAT_FLANN,DES_BINARY,SEL_KNN,500,0,0,7.49772,5.80677,5.72431,13.3045,0.301426,19.3302,TTC_8_9.bmp,nan,13.9795,7.549
ORB,ORB,MAT_FLANN,DES_BINARY,SEL_KNN,500,0,0,7.76114,5.44105,5.93353,13.2022,0.275503,19.4112,TTC_9_10.bmp,nan,11.5139,7.484
ORB,ORB,MAT_FLANN,DES_BINARY,SEL_KNN,500,22,22,7.36847,4.97445,5.45462,12.3429,0.247442,18.045,TTC_10_11.bmp,9.19704,12.5847,7.425
ORB,ORB,MAT_FLANN,DES_BINARY,SEL_KNN,500,0,0,6.85888,5.42911,5.35224,12.288,0.336104,17.9763,TTC_11_12.bmp,nan,8.73927,7.341
ORB,ORB,MAT_FLANN,DES_BINARY,SEL_KNN,500,0,0,6.90605,4.83973,5.37955,11.7458,0.253972,17.3793,TTC_12_13.bmp,nan,9.95617,7.268
ORB,ORB,MAT_FLANN,DES_BINARY,SEL_KNN,500,0,0,7.85085,5.8482,6.04251,13.6991,0.352591,20.0941,TTC_13_14.bmp,nan,9.72157,7.194
ORB,ORB,MAT_FLANN,DES_BINARY,SEL_KNN,500,0,0,7.64324,5.25273,6.29945,12.896,0.6675,19.8629,TTC_14_15.bmp,nan,8.16898,7.107
ORB,ORB,MAT_FLANN,DES_BINARY,SEL_KNN,500,0,0,7.90491,5.592,6.11552,13.4969,0.311605,19.924,TTC_15_16.bmp,nan,10.3515,7.039
ORB,ORB,MAT_FLANN,DES_BINARY,SEL_KNN,500,12,12,7.69348,5.34969,5.98207,13.0432,0.3172,19.3424,TTC_16_17.bmp,nan,9.16182,6.963
ORB,ORB,MAT_FLANN,DES_BINARY,SEL_KNN,500,27,27,8.60036,5.8403,6.52331,14.4407,0.334205,21.2982,TTC_17_18.bmp,-inf,8.82697,6.885
ORB,FREAK,MAT_FLANN,DES_BINARY,SEL_KNN,500,12,12,14.0728,47.6132,1.79833,61.6859,0.123215,63.6075,TTC_0_1.bmp,12.2074,12.3137,8.004
ORB,FREAK,MAT_FLANN,DES_BINARY,SEL_KNN,500,23,23,6.82253,23.3104,1.77677,30.133,0.132382,32.0421,TTC_1_2.bmp,12.2395,11.6706,7.936
ORB,FREAK,MAT_FLANN,DES_BINARY,SEL_KNN,500,14,14,7.11202,23.3848,2.00504,30.4968,0.171146,32.673,TTC_2_3.bmp,nan,15.7721,7.886
ORB,FREAK,MAT_FLANN,DES_BINARY,SEL_KNN,500,17,17,6.61405,22.783,1.85941,29.3971,0.171537,31.428,TTC_3_4.bmp,nan,16.6787,7.839
ORB,FREAK,MAT_FLANN,DES_BINARY,SEL_KNN,500,18,18,7.39249,24.8413,1.90654,32.2338,0.148654,34.289,TTC_4_5.bmp,-inf,15.5779,7.789
ORB,FREAK,MAT_FLANN,DES_BINARY,SEL_KNN,500,29,29,7.36482,24.9412,2.01672,32.306,0.167858,34.4906,TTC_5_6.bmp,11.0195,11.8831,7.724
ORB,FREAK,MAT_FLANN,DES_BINARY,SEL_KNN,500,0,0,8.52544,27.4741,2.26938,35.9995,0.171076,38.44,TTC_6_7.bmp,nan,11.7831,7.659
ORB,FREAK,MAT_FLANN,DES_BINARY,SEL_KNN,500,25,25,7.55423,23.16,1.88378,30.7143,0.153805,32.7518,TTC_7_8.bmp,nan,13.5768,7.603
ORB,FREAK,MAT_FLANN,DES_BINARY,SEL_KNN,500,0,0,7.48324,25.4911,2.14887,32.9744,0.176053,35.2993,TTC_8_9.bmp,nan,13.9795,7.549
ORB,FREAK,MAT_FLANN,DES_BINARY,SEL_KNN,500,20,20,8.17248,28.0401,2.27146,36.2125,0.146802,38.6308,TTC_9_10.bmp,-inf,11.5139,7.484
ORB,FREAK,MAT_FLANN,DES_BINARY,SEL_KNN,500,21,21,6.9901,22.2841,2.01275,29.2742,0.155604,31.4425,TTC_10_11.bmp,nan,12.5847,7.425
ORB,FREAK,MAT_FLANN,DES_BINARY,SEL_KNN,500,20,20,7.79683,25.1208,2.19922,32.9176,0.164651,35.2815,TTC_11_12.bmp,nan,8.73927,7.341
ORB,FREAK,MAT_FLANN,DES_BINARY,SEL_KNN,500,26,26,7.77089,24.4791,2.19593,32.25,0.187738,34.6337,TTC_12_13.bmp,7.60261,9.95617,7.268
ORB,FREAK,MAT_FLANN,DES_BINARY,SEL_KNN,500,30,30,7.3396,25.8038,2.11971,33.1434,0.183791,35.4469,TTC_13_14.bmp,55.7876,9.72157,7.194
ORB,FREAK,MAT_FLANN,DES_BINARY,SEL_KNN,500,23,23,6.86253,22.9344,2.36677,29.7969,0.210476,32.3742,TTC_14_15.bmp,nan,8.16898,7.107
ORB,FREAK,MAT_FLANN,DES_BINARY,SEL_KNN,500,28,28,7.58682,25.7746,2.17156,33.3614,0.179402,35.7124,TTC_15_16.bmp,5.84354,10.3515,7.039
ORB,FREAK,MAT_FLANN,DES_BINARY,SEL_KNN,500,28,28,7.40449,24.1219,2.05893,31.5264,0.157787,33.7432,TTC_16_17.bmp,nan,9.16182,6.963
ORB,FREAK,MAT_FLANN,DES_BINARY,SEL_KNN,500,13,13,7.81398,25.2515,2.1622,33.0655,0.173896,35.4016,TTC_17_18.bmp,4.28535,8.82697,6.885
ORB,SIFT,MAT_FLANN,DES_HOG,SEL_KNN,500,38,38,14.8471,99.7453,7.84219,114.592,0.488339,122.923,TTC_0_1.bmp,17.4465,12.3137,8.004
ORB,SIFT,MAT_FLANN,DES_HOG,SEL_KNN,500,43,43,6.49675,57.271,8.01306,63.7678,0.565406,72.3462,TTC_1_2.bmp,12.9668,11.6706,7.936
ORB,SIFT,MAT_FLANN,DES_HOG,SEL_KNN,500,47,47,8.5832,54.4266,7.23891,63.0098,0.477216,70.7259,TTC_2_3.bmp,12.8232,15.7721,7.886
ORB,SIFT,MAT_FLANN,DES_HOG,SEL_KNN,500,43,43,7.61301,56.5311,10.5817,64.1442,0.611199,75.3371,TTC_3_4.bmp,163.053,16.6787,7.839
ORB,SIFT,MAT_FLANN,DES_HOG,SEL_KNN,500,42,42,7.42987,60.9088,8.37602,68.3387,0.567018,77.2817,TTC_4_5.bmp,70.6497,15.5779,7.789
ORB,SIFT,MAT_FLANN,DES_HOG,SEL_KNN,500,56,56,8.22998,56.7681,7.75174,64.9981,0.529578,73.2794,TTC_5_6.bmp,18.5861,11.8831,7.724
ORB,SIFT,MAT_FLANN,DES_HOG,SEL_KNN,500,0,0,6.80322,48.065,7.47963,54.8682,0.502066,62.8499,TTC_6_7.bmp,nan,11.7831,7.659
ORB,SIFT,MAT_FLANN,DES_HOG,SEL_KNN,500,59,59,7.57499,52.4778,8.52575,60.0528,0.557808,69.1364,TTC_7_8.bmp,12.9465,13.5768,7.603
ORB,SIFT,MAT_FLANN,DES_HOG,SEL_KNN,500,0,0,7.60345,51.9536,8.12466,59.557,0.457921,68.1396,TTC_8_9.bmp,nan,13.9795,7.549
ORB,SIFT,MAT_FLANN,DES_HOG,SEL_KNN,500,22,22,6.55698,49.2666,7.96646,55.8235,0.474385,64.2644,TTC_9_10.bmp,nan,11.5139,7.484
ORB,SIFT,MAT_FLANN,DES_HOG,SEL_KNN,500,42,42,7.83403,55.0369,8.83794,62.8709,0.438693,72.1475,TTC_10_11.bmp,9.19794,12.5847,7.425
ORB,SIFT,MAT_FLANN,DES_HOG,SEL_KNN,500,0,0,6.99978,49.9457,7.65456,56.9455,0.493557,65.0936,TTC_11_12.bmp,nan,8.73927,7.341
ORB,SIFT,MAT_FLANN,DES_HOG,SEL_KNN,500,47,47,7.3107,48.6973,7.99639,56.008,0.515777,64.5201,TTC_12_13.bmp,7.93486,9.95617,7.268
ORB,SIFT,MAT_FLANN,DES_HOG,SEL_KNN,500,57,57,7.45568,65.0629,10.1427,72.5186,0.652817,83.314,TTC_13_14.bmp,13.5742,9.72157,7.194
ORB,SIFT,MAT_FLANN,DES_HOG,SEL_KNN,500,40,40,7.20043,55.5908,7.95223,62.7912,0.576828,71.3203,TTC_14_15.bmp,30.6161,8.16898,7.107
ORB,SIFT,MAT_FLANN,DES_HOG,SEL_KNN,500,54,54,6.28707,51.1068,7.73564,57.3938,0.589381,65.7189,TTC_15_16.bmp,8.6586,10.3515,7.039
ORB,SIFT,MAT_FLANN,DES_HOG,SEL_KNN,500,45,45,7.24473,58.2376,8.19785,65.4823,0.518909,74.1991,TTC_16_17.bmp,18.7061,9.16182,6.963
ORB,SIFT,MAT_FLANN,DES_HOG,SEL_KNN,500,47,47,7.69648,59.8355,7.59484,67.532,0.552199,75.679,TTC_17_18.bmp,18.5777,8.82697,6.885
AKAZE,BRISK,MAT_FLANN,DES_BINARY,SEL_KNN,1541,40,40,127.837,59.1411,18.5482,186.978,0.983861,206.51,TTC_0_1.bmp,15.533,12.3137,8.004
AKAZE,BRISK,MAT_FLANN,DES_BINARY,SEL_KNN,1529,47,47,50.0333,31.2494,19.4537,81.2827,0.952389,101.689,TTC_1_2.bmp,nan,11.6706,7.936
AKAZE,BRISK,MAT_FLANN,DES_BINARY,SEL_KNN,1561,67,67,44.0471,30.0609,17.8576,74.108,0.903755,92.8694,TTC_2_3.bmp,15.4951,15.7721,7.886
AKAZE,BRISK,MAT_FLANN,DES_BINARY,SEL_KNN,1545,52,52,41.3506,28.9412,18.068,70.2919,0.969133,89.329,TTC_3_4.bmp,19.8438,16.6787,7.839
AKAZE,BRISK,MAT_FLANN,DES_BINARY,SEL_KNN,1526,46,46,44.9989,29.7545,17.7448,74.7534,0.917353,93.4155,TTC_4_5.bmp,19.8572,15.5779,7.789
AKAZE,BRISK,MAT_FLANN,DES_BINARY,SEL_KNN,1566,56,56,50.329,30.1616,17.8775,80.4905,0.945202,99.3132,TTC_5_6.bmp,25.8786,11.8831,7.724
AKAZE,BRISK,MAT_FLANN,DES_BINARY,SEL_KNN,1529,64,64,42.5367,30.8978,18.0571,73.4345,0.947896,92.4395,TTC_6_7.bmp,23.3929,11.7831,7.659
AKAZE,BRISK,MAT_FLANN,DES_BINARY,SEL_KNN,1547,69,69,44.6904,32.3116,18.5029,77.0021,0.927687,96.4326,TTC_7_8.bmp,18.2808,13.5768,7.603
AKAZE,BRISK,MAT_FLANN,DES_BINARY,SEL_KNN,1572,78,78,45.3671,29.9144,17.9673,75.2815,0.849288,94.0981,TTC_8_9.bmp,24.1735,13.9795,7.549
AKAZE,BRISK,MAT_FLANN,DES_BINARY,SEL_KNN,1567,95,95,43.199,28.9827,18.1638,72.1818,0.874587,91.2201,TTC_9_10.bmp,12.4802,11.5139,7.484
AKAZE,BRISK,MAT_FLANN,DES_BINARY,SEL_KNN,1538,76,76,45.0182,29.59,17.8311,74.6082,0.806517,93.2457,TTC_10_11.bmp,13.8447,12.5847,7.425
AKAZE,BRISK,MAT_FLANN,DES_BINARY,SEL_KNN,1513,79,79,45.1485,29.1128,17.6348,74.2612,0.833916,92.7299,TTC_11_12.bmp,15.367,8.73927,7.341
AKAZE,BRISK,MAT_FLANN,DES_BINARY,SEL_KNN,1538,89,89,42.9252,29.2407,17.4748,72.1659,0.941223,90.5819,TTC_12_13.bmp,11.6176,9.95617,7.268
AKAZE,BRISK,MAT_FLANN,DES_BINARY,SEL_KNN,1555,78,78,43.2759,29.2531,18.19,72.529,0.97445,91.6934,TTC_13_14.bmp,11.9275,9.72157,7.194
AKAZE,BRISK,MAT_FLANN,DES_BINARY,SEL_KNN,1544,63,63,44.6753,29.0539,18.2263,73.7291,1.08744,93.0428,TTC_14_15.bmp,15.6032,8.16898,7.107
AKAZE,BRISK,MAT_FLANN,DES_BINARY,SEL_KNN,1563,83,83,42.3125,30.2396,18.2766,72.552,1.06675,91.8953,TTC_15_16.bmp,12.1567,10.3515,7.039
AKAZE,BRISK,MAT_FLANN,DES_BINARY,SEL_KNN,1561,83,83,43.8007,29.1674,17.9724,72.968,1.05115,91.9916,TTC_16_17.bmp,11.1384,9.16182,6.963
AKAZE,BRISK,MAT_FLANN,DES_BINARY,SEL_KNN,1569,72,72,44.2971,29.7194,18.6451,74.0165,1.09048,93.7521,TTC_17_18.bmp,11.4641,8.82697,6.885
AKAZE,BRIEF,MAT_FLANN,DES_BINARY,SEL_KNN,1541,55,55,84.6303,7.73192,15.6838,92.3622,0.885318,108.931,TTC_0_1.bmp,17.7666,12.3137,8.004
AKAZE,BRIEF,MAT_FLANN,DES_BINARY,SEL_KNN,1529,52,52,44.4984,4.81831,17.0235,49.3167,1.00947,67.3496,TTC_1_2.bmp,19.7092,11.6706,7.936
AKAZE,BRIEF,MAT_FLANN,DES_BINARY,SEL_KNN,1561,64,64,65.8261,8.86412,24.8276,74.6903,1.63118,101.149,TTC_2_3.bmp,15.7547,15.7721,7.886
AKAZE,BRIEF,MAT_FLANN,DES_BINARY,SEL_KNN,1545,56,56,43.715,4.17991,16.4929,47.8949,1.05333,65.4411,TTC_3_4.bmp,17.8072,16.6787,7.839
AKAZE,BRIEF,MAT_FLANN,DES_BINARY,SEL_KNN,1526,56,56,43.6183,4.70616,16.6843,48.3244,1.03075,66.0395,TTC_4_5.bmp,22.2029,15.5779,7.789
AKAZE,BRIEF,MAT_FLANN,DES_BINARY,SEL_KNN,1566,57,57,41.9823,4.67058,17.3781,46.6529,1.05451,65.0856,TTC_5_6.bmp,23.0083,11.8831,7.724
AKAZE,BRIEF,MAT_FLANN,DES_BINARY,SEL_KNN,1529,83,83,42.151,3.93345,15.9306,46.0844,0.970926,62.986,TTC_6_7.bmp,nan,11.7831,7.659
AKAZE,BRIEF,MAT_FLANN,DES_BINARY,SEL_KNN,1547,77,77,47.0176,3.97688,16.5379,50.9945,0.962816,68.4951,TTC_7_8.bmp,19.5042,13.5768,7.603
AKAZE,BRIEF,MAT_FLANN,DES_BINARY,SEL_KNN,1572,85,85,43.9471,4.00873,15.8272,47.9558,0.972677,64.7557,TTC_8_9.bmp,19.6557,13.9795,7.549
AKAZE,BRIEF,MAT_FLANN,DES_BINARY,SEL_KNN,1567,78,78,43.4515,4.56989,17.6226,48.0213,1.01883,66.6627,TTC_9_10.bmp,13.6838,11.5139,7.484
AKAZE,BRIEF,MAT_FLANN,DES_BINARY,SEL_KNN,1538,78,78,41.5563,4.51052,16.9229,46.0668,0.855708,63.8454,TTC_10_11.bmp,14.1636,12.5847,7.425
AKAZE,BRIEF,MAT_FLANN,DES_BINARY,SEL_KNN,1513,77,77,42.3973,3.84169,15.6291,46.239,0.923448,62.7915,TTC_11_12.bmp,13.2936,8.73927,7.341
AKAZE,BRIEF,MAT_FLANN,DES_BINARY,SEL_KNN,1538,81,81,41.6398,3.87958,16.1939,45.5194,1.03877,62.7521,TTC_12_13.bmp,13.2043,9.95617,7.268
AKAZE,BRIEF,MAT_FLANN,DES_BINARY,SEL_KNN,1555,74,74,44.7291,4.22906,16.468,48.9582,1.07335,66.4995,TTC_13_14.bmp,12.4277,9.72157,7.194
AKAZE,BRIEF,MAT_FLANN,DES_BINARY,SEL_KNN,1544,78,78,44.1183,4.37916,16.3114,48.4975,1.12008,65.929,TTC_14_15.bmp,11.0577,8.16898,7.107
AKAZE,BRIEF,MAT_FLANN,DES_BINARY,SEL_KNN,1563,81,81,42.2097,4.16562,17.2142,46.3753,1.14663,64.7362,TTC_15_16.bmp,11.4655,10.3515,7.039
AKAZE,BRIEF,MAT_FLANN,DES_BINARY,SEL_KNN,1561,76,76,42.0997,3.93416,16.3229,46.0338,1.04856,63.4053,TTC_16_17.bmp,11.0412,9.16182,6.963
AKAZE,BRIEF,MAT_FLANN,DES_BINARY,SEL_KNN,1569,85,85,44.7436,4.503,16.5897,49.2466,1.14273,66.979,TTC_17_18.bmp,9.96775,8.82697,6.885
AKAZE,ORB,MAT_FLANN,DES_BINARY,SEL_KNN,1541,36,36,87.4933,11.4449,16.2576,98.9382,0.627633,115.823,TTC_0_1.bmp,15.0867,12.3137,8.004
AKAZE,ORB,MAT_FLANN,DES_BINARY,SEL_KNN,1529,43,43,47.5587,5.72838,16.4734,53.2871,0.710562,70.4711,TTC_1_2.bmp,nan,11.6706,7.936
AKAZE,ORB,MAT_FLANN,DES_BINARY,SEL_KNN,1561,50,50,44.2817,6.17864,16.686,50.4603,0.72405,67.8704,TTC_2_3.bmp,15.2726,15.7721,7.886
AKAZE,ORB,MAT_FLANN,DES_BINARY,SEL_KNN,1545,51,51,43.2367,5.58501,16.3092,48.8217,0.731938,65.8629,TTC_3_4.bmp,15.7624,16.6787,7.839
AKAZE,ORB,MAT_FLANN,DES_BINARY,SEL_KNN,1526,40,40,44.4384,5.60986,16.3217,50.0482,0.679788,67.0498,TTC_4_5.bmp,18.2432,15.5779,7.789
AKAZE,ORB,MAT_FLANN,DES_BINARY,SEL_KNN,1566,35,35,45.9583,5.87279,16.8682,51.8311,0.762231,69.4616,TTC_5_6.bmp,19.1974,11.8831,7.724
AKAZE,ORB,MAT_FLANN,DES_BINARY,SEL_KNN,1529,66,66,43.4675,5.5341,16.2511,49.0016,0.717967,65.9706,TTC_6_7.bmp,18.0136,11.7831,7.659
AKAZE,ORB,MAT_FLANN,DES_BINARY,SEL_KNN,1547,60,60,45.085,5.79319,16.0733,50.8782,0.663599,67.6151,TTC_7_8.bmp,19.7023,13.5768,7.603
AKAZE,ORB,MAT_FLANN,DES_BINARY,SEL_KNN,1572,58,58,44.8287,5.73605,16.5561,50.5647,0.631748,67.7525,TTC_8_9.bmp,nan,13.9795,7.549
AKAZE,ORB,MAT_FLANN,DES_BINARY,SEL_KNN,1567,68,68,43.5564,5.69742,16.5232,49.2538,0.643145,66.4202,TTC_9_10.bmp,12.0646,11.5139,7.484
AKAZE,ORB,MAT_FLANN,DES_BINARY,SEL_KNN,1538,58,58,42.8129,5.4789,16.2671,48.2919,0.545456,65.1044,TTC_10_11.bmp,13.299,12.5847,7.425
AKAZE,ORB,MAT_FLANN,DES_BINARY,SEL_KNN,1513,59,59,42.2913,5.40662,16.1266,47.6979,0.606578,64.4311,TTC_11_12.bmp,13.1767,8.73927,7.341
AKAZE,ORB,MAT_FLANN,DES_BINARY,SEL_KNN,1538,65,65,45.1192,10.4234,23.9184,55.5427,1.05147,80.5125,TTC_12_13.bmp,12.2617,9.95617,7.268
AKAZE,ORB,MAT_FLANN,DES_BINARY,SEL_KNN,1555,63,63,42.7347,5.81765,16.0972,48.5524,0.657915,65.3075,TTC_13_14.bmp,13.5314,9.72157,7.194
AKAZE,ORB,MAT_FLANN,DES_BINARY,SEL_KNN,1544,52,52,44.8601,6.24492,16.4799,51.1051,0.81264,68.3976,TTC_14_15.bmp,16.4501,8.16898,7.107
AKAZE,ORB,MAT_FLANN,DES_BINARY,SEL_KNN,1563,58,58,42.8805,5.79578,16.6686,48.6762,0.789471,66.1343,TTC_15_16.bmp,11.7161,10.3515,7.039
AKAZE,ORB,MAT_FLANN,DES_BINARY,SEL_KNN,1561,48,48,45.8538,5.75245,16.3926,51.6063,0.719795,68.7187,TTC_16_17.bmp,11.4141,9.16182,6.963
AKAZE,ORB,MAT_FLANN,DES_BINARY,SEL_KNN,1569,55,55,43.1216,5.67073,16.56,48.7924,0.765899,66.1183,TTC_17_18.bmp,9.19748,8.82697,6.885
AKAZE,FREAK,MAT_FLANN,DES_BINARY,SEL_KNN,1541,45,45,89.0336,58.3963,19.2739,147.43,0.656835,167.361,TTC_0_1.bmp,13.9811,12.3137,8.004
AKAZE,FREAK,MAT_FLANN,DES_BINARY,SEL_KNN,1529,37,37,49.6048,32.4736,19.4438,82.0784,0.787788,102.31,TTC_1_2.bmp,19.9579,11.6706,7.936
AKAZE,FREAK,MAT_FLANN,DES_BINARY,SEL_KNN,1561,47,47,45.3801,28.4425,17.8736,73.8227,0.7534,92.4497,TTC_2_3.bmp,16.7557,15.7721,7.886
AKAZE,FREAK,MAT_FLANN,DES_BINARY,SEL_KNN,1545,43,43,42.6595,28.0146,18.4022,70.6741,0.781271,89.8575,TTC_3_4.bmp,18.3259,16.6787,7.839
AKAZE,FREAK,MAT_FLANN,DES_BINARY,SEL_KNN,1526,36,36,47.4808,30.1378,18.8686,77.6187,0.755583,97.2428,TTC_4_5.bmp,18.5693,15.5779,7.789
AKAZE,FREAK,MAT_FLANN,DES_BINARY,SEL_KNN,1566,44,44,43.7429,28.6175,18.0858,72.3604,0.762261,91.2085,TTC_5_6.bmp,21.7819,11.8831,7.724
AKAZE,FREAK,MAT_FLANN,DES_BINARY,SEL_KNN,1529,57,57,42.2744,31.2581,18.7935,73.5326,0.746953,93.073,TTC_6_7.bmp,24.2643,11.7831,7.659
AKAZE,FREAK,MAT_FLANN,DES_BINARY,SEL_KNN,1547,62,62,42.9397,28.225,18.1463,71.1647,0.668323,89.9793,TTC_7_8.bmp,18.7265,13.5768,7.603
AKAZE,FREAK,MAT_FLANN,DES_BINARY,SEL_KNN,1572,66,66,42.301,29.2093,18.5009,71.5102,0.690233,90.7014,TTC_8_9.bmp,19.5812,13.9795,7.549
AKAZE,FREAK,MAT_FLANN,DES_BINARY,SEL_KNN,1567,70,70,42.5049,30.4835,18.4804,72.9884,0.68178,92.1506,TTC_9_10.bmp,13.6087,11.5139,7.484
AKAZE,FREAK,MAT_FLANN,DES_BINARY,SEL_KNN,1538,49,49,43.5444,29.2037,18.4833,72.7481,0.61468,91.8461,TTC_10_11.bmp,14.6413,12.5847,7.425
AKAZE,FREAK,MAT_FLANN,DES_BINARY,SEL_KNN,1513,53,53,42.4187,27.9902,17.7867,70.4089,0.650743,88.8463,TTC_11_12.bmp,17.333,8.73927,7.341
AKAZE,FREAK,MAT_FLANN,DES_BINARY,SEL_KNN,1538,73,73,41.9043,28.3246,17.7391,70.2289,0.698739,88.6667,TTC_12_13.bmp,13.0867,9.95617,7.268
AKAZE,FREAK,MAT_FLANN,DES_BINARY,SEL_KNN,1555,64,64,45.5291,28.4765,18.0688,74.0056,0.747308,92.8217,TTC_13_14.bmp,16.6374,9.72157,7.194
AKAZE,FREAK,MAT_FLANN,DES_BINARY,SEL_KNN,1544,49,49,47.4913,28.6756,18.5532,76.1669,0.853332,95.5733,TTC_14_15.bmp,13.7738,8.16898,7.107
AKAZE,FREAK,MAT_FLANN,DES_BINARY,SEL_KNN,1563,67,67,40.9309,28.8395,18.9471,69.7704,0.837291,89.5548,TTC_15_16.bmp,10.3719,10.3515,7.039
AKAZE,FREAK,MAT_FLANN,DES_BINARY,SEL_KNN,1561,58,58,41.2994,27.9439,18.1863,69.2433,0.78816,88.2177,TTC_16_17.bmp,11.4977,9.16182,6.963
AKAZE,FREAK,MAT_FLANN,DES_BINARY,SEL_KNN,1569,53,53,42.2039,27.7891,18.276,69.993,0.791926,89.061,TTC_17_18.bmp,10.0469,8.82697,6.885
AKAZE,AKAZE,MAT_FLANN,DES_BINARY,SEL_KNN,1541,66,66,95.3648,86.2959,19.9512,181.661,1.08239,202.694,TTC_0_1.bmp,14.9241,12.3137,8.004
AKAZE,AKAZE,MAT_FLANN,DES_BINARY,SEL_KNN,1529,63,63,44.7306,43.3438,20.2452,88.0743,1.12225,109.442,TTC_1_2.bmp,19.0867,11.6706,7.936
AKAZE,AKAZE,MAT_FLANN,DES_BINARY,SEL_KNN,1561,84,84,46.0529,44.3275,19.7805,90.3805,1.13565,111.297,TTC_2_3.bmp,14.9023,15.7721,7.886
AKAZE,AKAZE,MAT_FLANN,DES_BINARY,SEL_KNN,1545,57,57,46.0009,42.4539,21.1824,88.4548,1.33006,110.967,TTC_3_4.bmp,17.3394,16.6787,7.839
AKAZE,AKAZE,MAT_FLANN,DES_BINARY,SEL_KNN,1526,62,62,48.4924,40.8744,19.2185,89.3669,1.1172,109.703,TTC_4_5.bmp,17.9664,15.5779,7.789
AKAZE,AKAZE,MAT_FLANN,DES_BINARY,SEL_KNN,1566,60,60,44.5155,43.9797,19.3422,88.4952,1.11988,108.957,TTC_5_6.bmp,20.2502,11.8831,7.724
AKAZE,AKAZE,MAT_FLANN,DES_BINARY,SEL_KNN,1529,86,86,42.8354,40.6713,21.3784,83.5067,1.18965,106.075,TTC_6_7.bmp,18.2322,11.7831,7.659
AKAZE,AKAZE,MAT_FLANN,DES_BINARY,SEL_KNN,1547,84,84,43.3965,39.2608,20.1421,82.6574,1.13489,103.934,TTC_7_8.bmp,20.5573,13.5768,7.603
AKAZE,AKAZE,MAT_FLANN,DES_BINARY,SEL_KNN,1572,84,84,43.7985,39.5569,19.741,83.3554,1.06031,104.157,TTC_8_9.bmp,20.5554,13.9795,7.549
AKAZE,AKAZE,MAT_FLANN,DES_BINARY,SEL_KNN,1567,103,103,43.9668,39.8259,20.117,83.7927,1.10703,105.017,TTC_9_10.bmp,13.2534,11.5139,7.484
AKAZE,AKAZE,MAT_FLANN,DES_BINARY,SEL_KNN,1538,96,96,42.6783,39.582,19.8778,82.2603,0.973294,103.111,TTC_10_11.bmp,13.502,12.5847,7.425
AKAZE,AKAZE,MAT_FLANN,DES_BINARY,SEL_KNN,1513,91,91,47.6381,40.0323,18.4512,87.6704,0.976963,107.099,TTC_11_12.bmp,13.8492,8.73927,7.341
AKAZE,AKAZE,MAT_FLANN,DES_BINARY,SEL_KNN,1538,85,85,43.1462,38.647,20.157,81.7933,1.08212,103.032,TTC_12_13.bmp,13.9524,9.95617,7.268
AKAZE,AKAZE,MAT_FLANN,DES_BINARY,SEL_KNN,1555,88,88,42.006,39.4619,21.1921,81.4679,1.24881,103.909,TTC_13_14.bmp,17.8303,9.72157,7.194
AKAZE,AKAZE,MAT_FLANN,DES_BINARY,SEL_KNN,1544,78,78,49.6468,44.1481,20.8229,93.7949,1.27274,115.891,TTC_14_15.bmp,13.1889,8.16898,7.107
AKAZE,AKAZE,MAT_FLANN,DES_BINARY,SEL_KNN,1563,97,97,43.3007,39.5264,21.0409,82.8272,1.31763,105.186,TTC_15_16.bmp,14.8944,10.3515,7.039
AKAZE,AKAZE,MAT_FLANN,DES_BINARY,SEL_KNN,1561,85,85,46.5352,41.6361,21.5071,88.1713,1.1945,110.873,TTC_16_17.bmp,10.4165,9.16182,6.963
AKAZE,AKAZE,MAT_FLANN,DES_BINARY,SEL_KNN,1569,82,82,42.9114,40.4336,19.9742,83.345,1.2804,104.6,TTC_17_18.bmp,10.8018,8.82697,6.885
AKAZE,SIFT,MAT_FLANN,DES_HOG,SEL_KNN,1541,72,72,88.8811,52.8165,26.3425,141.698,1.33119,169.371,TTC_0_1.bmp,15.948,12.3137,8.004
AKAZE,SIFT,MAT_FLANN,DES_HOG,SEL_KNN,1529,72,72,48.1477,32.1859,26.9629,80.3336,1.49937,108.796,TTC_1_2.bmp,19.4843,11.6706,7.936
AKAZE,SIFT,MAT_FLANN,DES_HOG,SEL_KNN,1561,92,92,50.8879,44.0782,28.6003,94.9661,1.57079,125.137,TTC_2_3.bmp,15.5372,15.7721,7.886
AKAZE,SIFT,MAT_FLANN,DES_HOG,SEL_KNN,1545,69,69,45.125,28.2379,25.8059,73.3629,1.57967,100.748,TTC_3_4.bmp,18.7608,16.6787,7.839
AKAZE,SIFT,MAT_FLANN,DES_HOG,SEL_KNN,1526,71,71,46.7497,29.2705,26.0667,76.0202,1.52702,103.614,TTC_4_5.bmp,18.8103,15.5779,7.789
AKAZE,SIFT,MAT_FLANN,DES_HOG,SEL_KNN,1566,69,69,43.9522,28.7614,26.6786,72.7136,1.52825,100.92,TTC_5_6.bmp,22.7271,11.8831,7.724
AKAZE,SIFT,MAT_FLANN,DES_HOG,SEL_KNN,1529,99,99,43.8653,27.8303,26.4052,71.6956,1.5019,99.6026,TTC_6_7.bmp,17.4835,11.7831,7.659
AKAZE,SIFT,MAT_FLANN,DES_HOG,SEL_KNN,1547,97,97,45.5941,26.7241,25.2952,72.3182,1.34039,98.9537,TTC_7_8.bmp,17.6985,13.5768,7.603
AKAZE,SIFT,MAT_FLANN,DES_HOG,SEL_KNN,1572,96,96,45.4444,28.0956,25.3673,73.54,1.33158,100.239,TTC_8_9.bmp,18.7307,13.9795,7.549
AKAZE,SIFT,MAT_FLANN,DES_HOG,SEL_KNN,1567,119,119,45.3771,27.1341,26.0883,72.5112,1.4264,100.026,TTC_9_10.bmp,12.5554,11.5139,7.484
AKAZE,SIFT,MAT_FLANN,DES_HOG,SEL_KNN,1538,103,103,47.3006,28.0818,26.6701,75.3825,1.25127,103.304,TTC_10_11.bmp,13.4739,12.5847,7.425
AKAZE,SIFT,MAT_FLANN,DES_HOG,SEL_KNN,1513,100,100,48.2681,29.4552,26.1676,77.7233,1.32569,105.217,TTC_11_12.bmp,14.0377,8.73927,7.341
AKAZE,SIFT,MAT_FLANN,DES_HOG,SEL_KNN,1538,111,111,43.263,26.1917,22.2105,69.4547,1.26474,92.93,TTC_12_13.bmp,12.2177,9.95617,7.268
AKAZE,SIFT,MAT_FLANN,DES_HOG,SEL_KNN,1555,98,98,45.208,27.5524,25.3037,72.7604,1.42457,99.4887,TTC_13_14.bmp,12.719,9.72157,7.194
AKAZE,SIFT,MAT_FLANN,DES_HOG,SEL_KNN,1544,92,92,45.6465,26.5713,25.5248,72.2178,1.52639,99.269,TTC_14_15.bmp,13.1213,8.16898,7.107
AKAZE,SIFT,MAT_FLANN,DES_HOG,SEL_KNN,1563,103,103,43.3812,28.6133,26.0048,71.9945,1.61576,99.6151,TTC_15_16.bmp,14.1735,10.3515,7.039
AKAZE,SIFT,MAT_FLANN,DES_HOG,SEL_KNN,1561,98,98,43.1347,28.3016,25.9653,71.4363,1.50013,98.9017,TTC_16_17.bmp,9.89023,9.16182,6.963
AKAZE,SIFT,MAT_FLANN,DES_HOG,SEL_KNN,1569,95,95,44.6579,29.7662,27.8083,74.4241,1.7789,104.011,TTC_17_18.bmp,10.3916,8.82697,6.885
SIFT,BRISK,MAT_FLANN,DES_BINARY,SEL_KNN,1915,46,46,376.911,68.2691,20.8156,445.18,0.620528,466.616,TTC_0_1.bmp,15.5035,12.3137,8.004
SIFT,BRISK,MAT_FLANN,DES_BINARY,SEL_KNN,1824,39,39,84.9018,35.3631,27.3642,120.265,0.839549,148.469,TTC_1_2.bmp,18.5402,11.6706,7.936
SIFT,BRISK,MAT_FLANN,DES_BINARY,SEL_KNN,1837,69,69,72.2119,45.6668,32.8154,117.879,1.39884,152.093,TTC_2_3.bmp,14.5861,15.7721,7.886
SIFT,BRISK,MAT_FLANN,DES_BINARY,SEL_KNN,1827,48,48,76.0883,33.7311,21.3403,109.819,0.748163,131.908,TTC_3_4.bmp,26.3558,16.6787,7.839
SIFT,BRISK,MAT_FLANN,DES_BINARY,SEL_KNN,1877,42,42,81.461,34.8179,22.9347,116.279,0.790913,140.005,TTC_4_5.bmp,20.9763,15.5779,7.789
SIFT,BRISK,MAT_FLANN,DES_BINARY,SEL_KNN,1931,56,56,87.9703,35.82,22.0156,123.79,0.682202,146.488,TTC_5_6.bmp,12.9786,11.8831,7.724
SIFT,BRISK,MAT_FLANN,DES_BINARY,SEL_KNN,1964,51,51,73.3873,34.36,22.6953,107.747,0.871279,131.314,TTC_6_7.bmp,21.2422,11.7831,7.659
SIFT,BRISK,MAT_FLANN,DES_BINARY,SEL_KNN,1954,59,59,70.0787,32.1115,20.8757,102.19,0.649369,123.715,TTC_7_8.bmp,15.4797,13.5768,7.603
SIFT,BRISK,MAT_FLANN,DES_BINARY,SEL_KNN,1984,68,68,70.4599,33.1176,22.2174,103.578,0.662434,126.457,TTC_8_9.bmp,14.4778,13.9795,7.549
SIFT,BRISK,MAT_FLANN,DES_BINARY,SEL_KNN,2046,42,42,73.06,31.8356,21.2462,104.896,0.676757,126.819,TTC_9_10.bmp,16.2034,11.5139,7.484
SIFT,BRISK,MAT_FLANN,DES_BINARY,SEL_KNN,2065,31,31,68.6962,32.0607,21.5306,100.757,0.626278,122.914,TTC_10_11.bmp,13.2438,12.5847,7.425
SIFT,BRISK,MAT_FLANN,DES_BINARY,SEL_KNN,2007,54,54,67.4347,31.3255,21.3292,98.7602,0.615227,120.705,TTC_11_12.bmp,10.6092,8.73927,7.341
SIFT,BRISK,MAT_FLANN,DES_BINARY,SEL_KNN,2029,48,48,65.5124,38.7429,21.9799,104.255,0.691721,126.927,TTC_12_13.bmp,10.2883,9.95617,7.268
SIFT,BRISK,MAT_FLANN,DES_BINARY,SEL_KNN,2048,43,43,71.4536,32.1997,22.5657,103.653,0.729219,126.948,TTC_13_14.bmp,10.3827,9.72157,7.194
SIFT,BRISK,MAT_FLANN,DES_BINARY,SEL_KNN,2044,52,52,71.0213,34.1951,24.2179,105.216,0.893402,130.328,TTC_14_15.bmp,9.6479,8.16898,7.107
SIFT,BRISK,MAT_FLANN,DES_BINARY,SEL_KNN,2088,58,58,72.7891,32.6611,22.3162,105.45,0.812693,128.579,TTC_15_16.bmp,10.316,10.3515,7.039
SIFT,BRISK,MAT_FLANN,DES_BINARY,SEL_KNN,2095,53,53,77.0964,33.5849,22.6894,110.681,0.833441,134.204,TTC_16_17.bmp,9.49964,9.16182,6.963
SIFT,BRISK,MAT_FLANN,DES_BINARY,SEL_KNN,2159,49,49,67.1182,34.1454,23.6959,101.264,0.797734,125.757,TTC_17_18.bmp,nan,8.82697,6.885
SIFT,BRIEF,MAT_FLANN,DES_BINARY,SEL_KNN,1915,46,46,143.493,8.48844,16.5403,151.981,0.685828,169.207,TTC_0_1.bmp,16.0203,12.3137,8.004
SIFT,BRIEF,MAT_FLANN,DES_BINARY,SEL_KNN,1824,47,47,72.2046,4.22865,18.5754,76.4333,0.818968,95.8276,TTC_1_2.bmp,17.027,11.6706,7.936
SIFT,BRIEF,MAT_FLANN,DES_BINARY,SEL_KNN,1837,60,60,73.2073,4.44755,15.9952,77.6548,0.758786,94.4088,TTC_2_3.bmp,15.8301,15.7721,7.886
SIFT,BRIEF,MAT_FLANN,DES_BINARY,SEL_KNN,1827,50,50,71.684,4.28056,16.1423,75.9646,0.810457,92.9173,TTC_3_4.bmp,25.0486,16.6787,7.839
SIFT,BRIEF,MAT_FLANN,DES_BINARY,SEL_KNN,1877,42,42,71.8439,4.51459,18.1465,76.3585,0.777574,95.2826,TTC_4_5.bmp,21.4059,15.5779,7.789
SIFT,BRIEF,MAT_FLANN,DES_BINARY,SEL_KNN,1931,61,61,68.7714,4.12678,16.4106,72.8982,0.734267,90.043,TTC_5_6.bmp,nan,11.8831,7.724
SIFT,BRIEF,MAT_FLANN,DES_BINARY,SEL_KNN,1964,67,67,68.3647,4.24393,16.5115,72.6087,0.735431,89.8556,TTC_6_7.bmp,16.0938,11.7831,7.659
SIFT,BRIEF,MAT_FLANN,DES_BINARY,SEL_KNN,1954,62,62,70.068,4.53207,17.0042,74.6,0.717595,92.3218,TTC_7_8.bmp,nan,13.5768,7.603
SIFT,BRIEF,MAT_FLANN,DES_BINARY,SEL_KNN,1984,72,72,81.3515,4.65957,16.8652,86.0111,0.689467,103.566,TTC_8_9.bmp,14.3043,13.9795,7.549
SIFT,BRIEF,MAT_FLANN,DES_BINARY,SEL_KNN,2046,33,33,70.0999,4.62336,17.5787,74.7233,0.758693,93.0606,TTC_9_10.bmp,nan,11.5139,7.484
SIFT,BRIEF,MAT_FLANN,DES_BINARY,SEL_KNN,2065,33,33,69.7995,4.45555,17.1947,74.2551,0.645469,92.0953,TTC_10_11.bmp,nan,12.5847,7.425
SIFT,BRIEF,MAT_FLANN,DES_BINARY,SEL_KNN,2007,56,56,79.5608,9.58848,25.7044,89.1493,0.686868,115.541,TTC_11_12.bmp,12.4534,8.73927,7.341
SIFT,BRIEF,MAT_FLANN,DES_BINARY,SEL_KNN,2029,59,59,67.4825,4.91638,18.5528,72.3989,0.744339,91.6961,TTC_12_13.bmp,10.6726,9.95617,7.268
SIFT,BRIEF,MAT_FLANN,DES_BINARY,SEL_KNN,2048,47,47,68.6534,4.70696,17.6496,73.3604,0.832172,91.8421,TTC_13_14.bmp,11.5803,9.72157,7.194
SIFT,BRIEF,MAT_FLANN,DES_BINARY,SEL_KNN,2044,59,59,69.2107,4.87999,17.9229,74.0907,0.85301,92.8666,TTC_14_15.bmp,10.6856,8.16898,7.107
SIFT,BRIEF,MAT_FLANN,DES_BINARY,SEL_KNN,2088,66,66,69.6938,4.87606,18.4391,74.5698,0.861835,93.8707,TTC_15_16.bmp,9.2283,10.3515,7.039
SIFT,BRIEF,MAT_FLANN,DES_BINARY,SEL_KNN,2095,49,49,68.5051,5.03853,18.9534,73.5437,0.781118,93.2782,TTC_16_17.bmp,9.29816,9.16182,6.963
SIFT,BRIEF,MAT_FLANN,DES_BINARY,SEL_KNN,2159,49,49,70.3949,5.10975,18.8886,75.5046,0.873106,95.2663,TTC_17_18.bmp,9.64341,8.82697,6.885
SIFT,FREAK,MAT_FLANN,DES_BINARY,SEL_KNN,1915,34,34,136.88,59.9438,18.9112,196.824,0.45904,216.194,TTC_0_1.bmp,15.5638,12.3137,8.004
SIFT,FREAK,MAT_FLANN,DES_BINARY,SEL_KNN,1824,39,39,77.9905,32.9739,19.7904,110.964,0.548119,131.303,TTC_1_2.bmp,14.7305,11.6706,7.936
SIFT,FREAK,MAT_FLANN,DES_BINARY,SEL_KNN,1837,44,44,70.7854,32.4657,19.2525,103.251,0.507995,123.012,TTC_2_3.bmp,19.224,15.7721,7.886
SIFT,FREAK,MAT_FLANN,DES_BINARY,SEL_KNN,1827,32,32,72.1841,29.5262,19.3678,101.71,0.598531,121.677,TTC_3_4.bmp,21.5677,16.6787,7.839
SIFT,FREAK,MAT_FLANN,DES_BINARY,SEL_KNN,1877,31,31,68.1914,29.3935,18.6529,97.5849,0.508564,116.746,TTC_4_5.bmp,20.7881,15.5779,7.789
SIFT,FREAK,MAT_FLANN,DES_BINARY,SEL_KNN,1931,42,42,68.4351,29.7748,18.6296,98.2099,0.522149,117.362,TTC_5_6.bmp,12.656,11.8831,7.724
SIFT,FREAK,MAT_FLANN,DES_BINARY,SEL_KNN,1964,34,34,69.4881,29.5401,18.8035,99.0282,0.484904,118.317,TTC_6_7.bmp,nan,11.7831,7.659
SIFT,FREAK,MAT_FLANN,DES_BINARY,SEL_KNN,1954,42,42,72.3291,29.2818,19.1251,101.611,0.513688,121.25,TTC_7_8.bmp,15.8805,13.5768,7.603
SIFT,FREAK,MAT_FLANN,DES_BINARY,SEL_KNN,1984,31,31,67.5397,30.247,19.7116,97.7867,0.489163,117.987,TTC_8_9.bmp,25.629,13.9795,7.549
SIFT,FREAK,MAT_FLANN,DES_BINARY,SEL_KNN,2046,33,33,69.8028,31.5045,19.885,101.307,0.525598,121.718,TTC_9_10.bmp,16.6286,11.5139,7.484
SIFT,FREAK,MAT_FLANN,DES_BINARY,SEL_KNN,2065,21,21,66.9948,31.688,20.661,98.6828,0.46305,119.807,TTC_10_11.bmp,nan,12.5847,7.425
SIFT,FREAK,MAT_FLANN,DES_BINARY,SEL_KNN,2007,40,40,68.0155,30.0526,20.8069,98.0682,0.491375,119.366,TTC_11_12.bmp,11.5357,8.73927,7.341
SIFT,FREAK,MAT_FLANN,DES_BINARY,SEL_KNN,2029,29,29,67.4898,30.5954,19.9709,98.0852,0.507732,118.564,TTC_12_13.bmp,10.6607,9.95617,7.268
SIFT,FREAK,MAT_FLANN,DES_BINARY,SEL_KNN,2048,30,30,67.2084,29.3825,19.8397,96.5908,0.534944,116.965,TTC_13_14.bmp,12.0456,9.72157,7.194
SIFT,FREAK,MAT_FLANN,DES_BINARY,SEL_KNN,2044,40,40,67.0613,30.3596,20.5846,97.4209,0.616093,118.622,TTC_14_15.bmp,10.5467,8.16898,7.107
SIFT,FREAK,MAT_FLANN,DES_BINARY,SEL_KNN,2088,43,43,67.0696,32.4092,21.4428,99.4788,0.746484,121.668,TTC_15_16.bmp,9.00415,10.3515,7.039
SIFT,FREAK,MAT_FLANN,DES_BINARY,SEL_KNN,2095,36,36,65.845,29.5518,20.5628,95.3968,0.574969,116.535,TTC_16_17.bmp,9.36459,9.16182,6.963
SIFT,FREAK,MAT_FLANN,DES_BINARY,SEL_KNN,2159,29,29,68.8433,30.3867,20.7515,99.2299,0.60862,120.59,TTC_17_18.bmp,15.421,8.82697,6.885
SIFT,SIFT,MAT_FLANN,DES_HOG,SEL_KNN,1915,74,74,142.3,125.895,29.5297,268.195,1.01509,298.74,TTC_0_1.bmp,13.0974,12.3137,8.004
SIFT,SIFT,MAT_FLANN,DES_HOG,SEL_KNN,1824,63,63,72.6336,70.3422,33.863,142.976,1.1044,177.943,TTC_1_2.bmp,15.2562,11.6706,7.936
SIFT,SIFT,MAT_FLANN,DES_HOG,SEL_KNN,1837,85,85,85.055,102.151,35.8178,187.206,1.25511,224.279,TTC_2_3.bmp,16.6628,15.7721,7.886
SIFT,SIFT,MAT_FLANN,DES_HOG,SEL_KNN,1827,65,65,69.1032,68.4712,32.1664,137.574,1.22439,170.965,TTC_3_4.bmp,22.5405,16.6787,7.839
SIFT,SIFT,MAT_FLANN,DES_HOG,SEL_KNN,1877,53,53,67.0698,64.2591,30.2706,131.329,1.15552,162.755,TTC_4_5.bmp,27.2667,15.5779,7.789
SIFT,SIFT,MAT_FLANN,DES_HOG,SEL_KNN,1931,79,79,68.6107,64.9754,32.1183,133.586,1.09508,166.8,TTC_5_6.bmp,14.3335,11.8831,7.724
SIFT,SIFT,MAT_FLANN,DES_HOG,SEL_KNN,1964,76,76,68.9784,63.7287,32.2851,132.707,1.13299,166.125,TTC_6_7.bmp,15.4268,11.7831,7.659
SIFT,SIFT,MAT_FLANN,DES_HOG,SEL_KNN,1954,68,68,71.1265,65.0038,31.268,136.13,1.0867,168.485,TTC_7_8.bmp,16.3551,13.5768,7.603
SIFT,SIFT,MAT_FLANN,DES_HOG,SEL_KNN,1984,94,94,68.4687,63.5962,30.7598,132.065,1.04237,163.867,TTC_8_9.bmp,14.3042,13.9795,7.549
SIFT,SIFT,MAT_FLANN,DES_HOG,SEL_KNN,2046,70,70,64.3047,61.505,32.289,125.81,1.08169,159.18,TTC_9_10.bmp,11.5499,11.5139,7.484
SIFT,SIFT,MAT_FLANN,DES_HOG,SEL_KNN,2065,72,72,73.5831,66.312,36.7094,139.895,1.07901,177.684,TTC_10_11.bmp,nan,12.5847,7.425
SIFT,SIFT,MAT_FLANN,DES_HOG,SEL_KNN,2007,80,80,66.276,67.6637,33.8023,133.94,1.11828,168.86,TTC_11_12.bmp,12.3199,8.73927,7.341
SIFT,SIFT,MAT_FLANN,DES_HOG,SEL_KNN,2029,80,80,79.8508,66.4878,33.2799,146.339,1.2415,180.86,TTC_12_13.bmp,11.5467,9.95617,7.268
SIFT,SIFT,MAT_FLANN,DES_HOG,SEL_KNN,2048,58,58,70.5917,63.7197,33.8199,134.311,1.24331,169.375,TTC_13_14.bmp,nan,9.72157,7.194
SIFT,SIFT,MAT_FLANN,DES_HOG,SEL_KNN,2044,86,86,81.4246,70.9357,36.3566,152.36,1.45154,190.169,TTC_14_15.bmp,10.0524,8.16898,7.107
SIFT,SIFT,MAT_FLANN,DES_HOG,SEL_KNN,2088,87,87,78.201,68.1069,35.8487,146.308,1.43374,183.59,TTC_15_16.bmp,9.49125,10.3515,7.039
SIFT,SIFT,MAT_FLANN,DES_HOG,SEL_KNN,2095,65,65,67.7263,64.2645,33.5377,131.991,1.2601,166.789,TTC_16_17.bmp,9.53827,9.16182,6.963
SIFT,SIFT,MAT_FLANN,DES_HOG,SEL_KNN,2159,81,81,69.3469,70.8396,41.3432,140.187,2.77441,184.304,TTC_17_18.bmp,8.9237,8.82697,6.885
